CREATE DATABASE  IF NOT EXISTS `lignio_db` /*!40100 DEFAULT CHARACTER SET latin1 */;
USE `lignio_db`;
-- MySQL dump 10.13  Distrib 5.7.20, for Linux (x86_64)
--
-- Host: localhost    Database: lignio_db
-- ------------------------------------------------------
-- Server version	5.7.20-0ubuntu0.16.04.1

/*!40101 SET @OLD_CHARACTER_SET_CLIENT=@@CHARACTER_SET_CLIENT */;
/*!40101 SET @OLD_CHARACTER_SET_RESULTS=@@CHARACTER_SET_RESULTS */;
/*!40101 SET @OLD_COLLATION_CONNECTION=@@COLLATION_CONNECTION */;
/*!40101 SET NAMES utf8 */;
/*!40103 SET @OLD_TIME_ZONE=@@TIME_ZONE */;
/*!40103 SET TIME_ZONE='+00:00' */;
/*!40014 SET @OLD_UNIQUE_CHECKS=@@UNIQUE_CHECKS, UNIQUE_CHECKS=0 */;
/*!40014 SET @OLD_FOREIGN_KEY_CHECKS=@@FOREIGN_KEY_CHECKS, FOREIGN_KEY_CHECKS=0 */;
/*!40101 SET @OLD_SQL_MODE=@@SQL_MODE, SQL_MODE='NO_AUTO_VALUE_ON_ZERO' */;
/*!40111 SET @OLD_SQL_NOTES=@@SQL_NOTES, SQL_NOTES=0 */;

--
-- Table structure for table `booking_details`
--

DROP TABLE IF EXISTS `booking_details`;
/*!40101 SET @saved_cs_client     = @@character_set_client */;
/*!40101 SET character_set_client = utf8 */;
CREATE TABLE `booking_details` (
  `booking_detail_id` int(11) NOT NULL AUTO_INCREMENT,
  `booking_id` int(11) NOT NULL,
  `diagnostic_test_id` varchar(45) NOT NULL,
  `status` int(11) NOT NULL DEFAULT '1',
  `created_at` varchar(13) NOT NULL,
  `updated_at` varchar(13) NOT NULL,
  `is_active` int(11) NOT NULL DEFAULT '1',
  PRIMARY KEY (`booking_detail_id`)
) ENGINE=InnoDB DEFAULT CHARSET=latin1;
/*!40101 SET character_set_client = @saved_cs_client */;

--
-- Dumping data for table `booking_details`
--

LOCK TABLES `booking_details` WRITE;
/*!40000 ALTER TABLE `booking_details` DISABLE KEYS */;
/*!40000 ALTER TABLE `booking_details` ENABLE KEYS */;
UNLOCK TABLES;

--
-- Table structure for table `bookings`
--

DROP TABLE IF EXISTS `bookings`;
/*!40101 SET @saved_cs_client     = @@character_set_client */;
/*!40101 SET character_set_client = utf8 */;
CREATE TABLE `bookings` (
  `booking_id` int(11) NOT NULL AUTO_INCREMENT,
  `end_user_id` int(11) NOT NULL,
  `org_id` int(11) NOT NULL,
  `booking_creator_id` int(11) NOT NULL,
  `booking_type` varchar(7) NOT NULL,
  `paid_amount` int(11) NOT NULL,
  `expected_report_delivery_date` varchar(13) NOT NULL,
  `actual_report_delivery_date` varchar(13) NOT NULL,
  `status` int(11) NOT NULL,
  `created_at` varchar(13) NOT NULL,
  `updated_at` varchar(13) NOT NULL,
  `is_active` int(11) NOT NULL DEFAULT '1',
  PRIMARY KEY (`booking_id`)
) ENGINE=InnoDB DEFAULT CHARSET=latin1;
/*!40101 SET character_set_client = @saved_cs_client */;

--
-- Dumping data for table `bookings`
--

LOCK TABLES `bookings` WRITE;
/*!40000 ALTER TABLE `bookings` DISABLE KEYS */;
/*!40000 ALTER TABLE `bookings` ENABLE KEYS */;
UNLOCK TABLES;

--
-- Table structure for table `cities`
--

DROP TABLE IF EXISTS `cities`;
/*!40101 SET @saved_cs_client     = @@character_set_client */;
/*!40101 SET character_set_client = utf8 */;
CREATE TABLE `cities` (
  `id` int(11) NOT NULL AUTO_INCREMENT,
  `name` varchar(45) NOT NULL,
  `state_id` int(11) DEFAULT NULL,
  PRIMARY KEY (`id`)
) ENGINE=InnoDB AUTO_INCREMENT=5 DEFAULT CHARSET=latin1;
/*!40101 SET character_set_client = @saved_cs_client */;

--
-- Dumping data for table `cities`
--

LOCK TABLES `cities` WRITE;
/*!40000 ALTER TABLE `cities` DISABLE KEYS */;
INSERT INTO `cities` VALUES (1,'Kolkata',1),(2,'Howrah',1),(3,'Haldia',1),(4,'Durgapur',1);
/*!40000 ALTER TABLE `cities` ENABLE KEYS */;
UNLOCK TABLES;

--
-- Table structure for table `countries`
--

DROP TABLE IF EXISTS `countries`;
/*!40101 SET @saved_cs_client     = @@character_set_client */;
/*!40101 SET character_set_client = utf8 */;
CREATE TABLE `countries` (
  `id` int(11) NOT NULL AUTO_INCREMENT,
  `name` varchar(45) NOT NULL,
  PRIMARY KEY (`id`)
) ENGINE=InnoDB AUTO_INCREMENT=2 DEFAULT CHARSET=latin1;
/*!40101 SET character_set_client = @saved_cs_client */;

--
-- Dumping data for table `countries`
--

LOCK TABLES `countries` WRITE;
/*!40000 ALTER TABLE `countries` DISABLE KEYS */;
INSERT INTO `countries` VALUES (1,'India');
/*!40000 ALTER TABLE `countries` ENABLE KEYS */;
UNLOCK TABLES;

--
-- Table structure for table `diagnostic_test_categories`
--

DROP TABLE IF EXISTS `diagnostic_test_categories`;
/*!40101 SET @saved_cs_client     = @@character_set_client */;
/*!40101 SET character_set_client = utf8 */;
CREATE TABLE `diagnostic_test_categories` (
  `id` int(11) NOT NULL AUTO_INCREMENT,
  `name` varchar(100) NOT NULL,
  `created_at` varchar(13) NOT NULL,
  `updated_at` varchar(13) NOT NULL,
  `is_active` tinyint(4) NOT NULL DEFAULT '1',
  PRIMARY KEY (`id`)
) ENGINE=InnoDB AUTO_INCREMENT=3 DEFAULT CHARSET=latin1;
/*!40101 SET character_set_client = @saved_cs_client */;

--
-- Dumping data for table `diagnostic_test_categories`
--

LOCK TABLES `diagnostic_test_categories` WRITE;
/*!40000 ALTER TABLE `diagnostic_test_categories` DISABLE KEYS */;
INSERT INTO `diagnostic_test_categories` VALUES (1,'Pathological Tests','1512806138121','1512806138121',1),(2,'Radiology','1512807022000','1512807022000',1);
/*!40000 ALTER TABLE `diagnostic_test_categories` ENABLE KEYS */;
UNLOCK TABLES;

--
-- Table structure for table `end_users`
--

DROP TABLE IF EXISTS `end_users`;
/*!40101 SET @saved_cs_client     = @@character_set_client */;
/*!40101 SET character_set_client = utf8 */;
CREATE TABLE `end_users` (
  `end_user_id` int(11) NOT NULL AUTO_INCREMENT,
  `firstname` varchar(45) DEFAULT NULL,
  `middlename` varchar(45) DEFAULT NULL,
  `lastname` varchar(45) DEFAULT NULL,
  `email` varchar(45) DEFAULT NULL,
  `phone` varchar(45) NOT NULL,
  `password` varchar(60) NOT NULL,
  `gender` varchar(45) DEFAULT NULL,
  `address` varchar(45) DEFAULT NULL,
  `pincode` varchar(45) DEFAULT NULL,
  `city` varchar(45) DEFAULT NULL,
  `state` varchar(45) DEFAULT NULL,
  `created_at` datetime DEFAULT NULL,
  `updated_at` datetime DEFAULT NULL,
  `is_first_login` char(1) DEFAULT 'Y',
  `is_active` int(11) DEFAULT '1',
  PRIMARY KEY (`end_user_id`),
  UNIQUE KEY `phone_UNIQUE` (`phone`)
) ENGINE=InnoDB AUTO_INCREMENT=3 DEFAULT CHARSET=latin1;
/*!40101 SET character_set_client = @saved_cs_client */;

--
-- Dumping data for table `end_users`
--

LOCK TABLES `end_users` WRITE;
/*!40000 ALTER TABLE `end_users` DISABLE KEYS */;
INSERT INTO `end_users` VALUES (1,'Arya',NULL,'Murari',NULL,'8961112533','',NULL,NULL,NULL,NULL,NULL,'2017-11-04 12:13:38','2017-11-04 12:13:38','Y',1),(2,'Sourav',NULL,'Basu',NULL,'9674503228','',NULL,NULL,NULL,NULL,NULL,'2017-11-11 18:59:36','2017-11-11 18:59:36','Y',1);
/*!40000 ALTER TABLE `end_users` ENABLE KEYS */;
UNLOCK TABLES;

--
-- Table structure for table `form_input_types`
--

DROP TABLE IF EXISTS `form_input_types`;
/*!40101 SET @saved_cs_client     = @@character_set_client */;
/*!40101 SET character_set_client = utf8 */;
CREATE TABLE `form_input_types` (
  `id` int(11) NOT NULL AUTO_INCREMENT,
  `name` varchar(45) DEFAULT NULL,
  `created_at` datetime DEFAULT NULL,
  `updated_at` datetime DEFAULT NULL,
  `is_active` tinyint(4) DEFAULT '1',
  PRIMARY KEY (`id`)
) ENGINE=InnoDB AUTO_INCREMENT=6 DEFAULT CHARSET=latin1;
/*!40101 SET character_set_client = @saved_cs_client */;

--
-- Dumping data for table `form_input_types`
--

LOCK TABLES `form_input_types` WRITE;
/*!40000 ALTER TABLE `form_input_types` DISABLE KEYS */;
INSERT INTO `form_input_types` VALUES (1,'Text Box','2017-12-08 00:00:00','2017-12-08 00:00:00',1),(2,'Textarea','2017-12-08 00:00:00','2017-12-08 00:00:00',1),(3,'Dropdown','2017-12-08 00:00:00','2017-12-08 00:00:00',1),(4,'Radion Button','2017-12-08 00:00:00','2017-12-08 00:00:00',1),(5,'Checkbox','2017-12-08 00:00:00','2017-12-08 00:00:00',1);
/*!40000 ALTER TABLE `form_input_types` ENABLE KEYS */;
UNLOCK TABLES;

--
-- Table structure for table `jwt`
--

DROP TABLE IF EXISTS `jwt`;
/*!40101 SET @saved_cs_client     = @@character_set_client */;
/*!40101 SET character_set_client = utf8 */;
CREATE TABLE `jwt` (
  `token` longtext NOT NULL,
  `expiry` bigint(20) DEFAULT NULL
) ENGINE=InnoDB DEFAULT CHARSET=latin1;
/*!40101 SET character_set_client = @saved_cs_client */;

--
-- Dumping data for table `jwt`
--

LOCK TABLES `jwt` WRITE;
/*!40000 ALTER TABLE `jwt` DISABLE KEYS */;
INSERT INTO `jwt` VALUES ('YmJEODloZWtGYVdXVG1Qa3U1c3hZNE9IalEwcUcySTViRnRaMEhHR2EvbVAxQkM2QzhxT1QxbVBRcGFaQkk4UVRhdGhVd3NlaHJkbTIrWmNaTmdKQy8xbTJOSXpBU1RzTG93RzRkdzd3NjMzbCtQNklTbVU0bXlWZFRXbW16aHJoVHRReTRhbkpRRTRkRnprcjBPSmJVeThhRDdTbzgvSFpRWUZ4ckRBWWdFPQ==',1507947592208),('YmJEODloZWtGYVdXVG1Qa3U1c3hZNE9IalEwcUcySTViRnRaMEhHR2EvbVAxQkM2QzhxT1QxbVBRcGFaQkk4UVRhdGhVd3NlaHJkbTIrWmNaTmdKQy8xbTJOSXpBU1RzTG93RzRkdzd3NjBIOENJVmhhUWR5QzhBQVlPaWQvcjFEbjZxT3k5Y1Zja1REUGJ3SmNDNXRmUDlnL1RNNVY0TEREK2NXUE9MNWxVPQ==',1507951542979),('YmJEODloZWtGYVdXVG1Qa3U1c3hZNE9IalEwcUcySTViRnRaMEhHR2EvbVAxQkM2QzhxT1QxbVBRcGFaQkk4UVRhdGhVd3NlaHJkbTIrWmNaTmdKQy8xbTJOSXpBU1RzTG93RzRkdzd3NjBveEdEWTV4dFROdWhxTk1YWk51aDVWR3J5WG85LzRGVnZVR3gxcWN5TjZwR3NlQ2FxeVlpNkJTWHA2aHVoWXhFPQ==',1507953303770),('YmJEODloZWtGYVdXVG1Qa3U1c3hZNE9IalEwcUcySTViRnRaMEhHR2EvbVAxQkM2QzhxT1QxbVBRcGFaQkk4UVRhdGhVd3NlaHJkbTIrWmNaTmdKQy8xbTJOSXpBU1RzTG93RzRkdzd3NjJ1bjhkRlMxeWF5OUEyODdXM3F6NlduNTlFNmd3b2dGZlBBMUQ0aHJ4L2kyUmFkK3AyVjNNYjdwMTgwaHBDNjdNPQ==',1507992730792),('YmJEODloZWtGYVdXVG1Qa3U1c3hZNE9IalEwcUcySTViRnRaMEhHR2EvbVAxQkM2QzhxT1QxbVBRcGFaQkk4UVRhdGhVd3NlaHJkbTIrWmNaTmdKQy8xbTJOSXpBU1RzTG93RzRkdzd3NjNIU1pFbFZwOXhBMTJNODZRclRoVCtLc0RIVGwrRURUTjFmRTQyTkZKY1ZrTEVtQzdoOFN1UEVrOHZwVzRSdWY0PQ==',1508037965593),('YmJEODloZWtGYVdXVG1Qa3U1c3hZNE9IalEwcUcySTViRnRaMEhHR2EvbVAxQkM2QzhxT1QxbVBRcGFaQkk4UVRhdGhVd3NlaHJkbTIrWmNaTmdKQy8xbTJOSXpBU1RzTG93RzRkdzd3NjJUdVFxQXZkV3Y0MjVXMk42MEN6dStDWlhESmwvUUtZbzVNeFVXSm9WY3g1STI4ZUR1UHBNV0tvdnZHZVQrUCtNPQ==',1508078483308),('YmJEODloZWtGYVdXVG1Qa3U1c3hZNE9IalEwcUcySTViRnRaMEhHR2EvbVAxQkM2QzhxT1QxbVBRcGFaQkk4UVRhdGhVd3NlaHJkbTIrWmNaTmdKQy8xbTJOSXpBU1RzTG93RzRkdzd3NjE1NitLQytMeVR1ZERjdngvR2dNUHR0M2dVamxxNmF6SEdXQURvdW5CTXdaMFlYbzUybjJaeW5TYjRERzQwVFRjPQ==',1508402088880),('YmJEODloZWtGYVdXVG1Qa3U1c3hZNE9IalEwcUcySTViRnRaMEhHR2EvbVAxQkM2QzhxT1QxbVBRcGFaQkk4UVRhdGhVd3NlaHJkbTIrWmNaTmdKQy8xbTJOSXpBU1RzTG93RzRkdzd3NjBLMm9lbFNnSUYvL2VpaFdnMFFTNmcwZTJad05pMndDelRETjMrejZLdVBuSkhBcFg2bGZUaGJ1TXcrUjRPclZRPQ==',1508417882255),('YmJEODloZWtGYVdXVG1Qa3U1c3hZNE9IalEwcUcySTViRnRaMEhHR2EvbVAxQkM2QzhxT1QxbVBRcGFaQkk4UVRhdGhVd3NlaHJkbTIrWmNaTmdKQy8xbTJOSXpBU1RzTG93RzRkdzd3NjJxZmpMYm9DYjNTL0hScjU3eVZqVGg4V3IxMFd0ekRWZ0tWOEpwQTFCOGtOTHhaT292eW56K2h4R1IxNHpDNWtzPQ==',1508441600819),('YmJEODloZWtGYVdXVG1Qa3U1c3hZK0lkM3gzcC9lYXpSMjVLME1raHFMK1VJWjhtMTk5Yy9peWtzNnl0Mis0SFR5SEJGNXBMOGwvZnAyRjNMcFpEcnhaZk5xOVZndzZmMzJUcGp2S1BFOVliREZTaXc4dXA0TU9DSlkzYkRFYWxLNURadkZFejd5S0x0ZmlmVWNLZlp3PT0=',1508441614276),('YmJEODloZWtGYVdXVG1Qa3U1c3hZK0lkM3gzcC9lYXpSMjVLME1raHFMK1VJWjhtMTk5Yy9peWtzNnl0Mis0SFR5SEJGNXBMOGwvZnAyRjNMcFpEcnpyQ3ZTQUdiQlcwc1pRQ3h6WTdKdVBSdzBPQ2t5RzM4bHVnWS9yZWdnNlRxdWhHOXNtZXlYaTlwMkhsZjBSVE53PT0=',1508441669705),('YmJEODloZWtGYVdXVG1Qa3U1c3hZK0lkM3gzcC9lYXpSMjVLME1raHFMK1VJWjhtMTk5Yy9peWtzNnl0Mis0SFR5SEJGNXBMOGwvZnAyRjNMcFpEcjI5a0FVcXhlN1FtK1MxcTFDbi9TOUdvdkpucTFoUXNqcUlWWkxxUm1xQmtpTTZjc284RE5tQWxTMi9RNUV2QXVRPT0=',1508442303316),('YmJEODloZWtGYVdXVG1Qa3U1c3hZNE9IalEwcUcySTViRnRaMEhHR2EvbXlzdkg2dlp6NnI1WDFBRnUyVGJHOWMxYWNyRFd2UU9IbFluY0JVYitaQmxibVYycDlyUTh0R2s0MFNSMVFPN2twS3JqWXRvekRTb2NER0NTL0UxZlQxLzFIaEo2R3dPc0VzNmlvaFp4dDNnPT0=',1508442363321),('YmJEODloZWtGYVdXVG1Qa3U1c3hZL1ZCQi9jM0MxdjQxUkt4WlhpeE5VNXJxVGk2aklIOFIybkpXU0p0Wlk2MFphcWVEZGpHZ2QzTmtNdmpIbjlTKzFRVVFLNXBXRmpGeGRIaHFaVjFSMGNsVnhCVzN4Qko0WDlhLzlmUXl3STVDUjVXSnpEQS9wT2kwU0pxS3UrZ1BZS0lkUGhVRS9pZWFHdS9rb29jbjRFPQ==',1508445061563),('YmJEODloZWtGYVdXVG1Qa3U1c3hZK0pwcmxnRmR2QS9CRDF1RzJGdUhvYXpEb1cvdDJJMUh1S1NTTUVKVTJuZkRpSmJqekF6VklrZGxvVjFxTkpTdVJKSitQRjlIREVOaXJuZHk1cXVzeVdCNlpwSTdjQkRnWEtYSHpoOGxvM3RheHFKWkNDbFhtcVFaVnk1M1JqSDJrNWU5Q3BZNVFtT3dwc05FMk9GQzA4PQ==',1508477479927),('YmJEODloZWtGYVdXVG1Qa3U1c3hZK0pwcmxnRmR2QS9CRDF1RzJGdUhvYXpEb1cvdDJJMUh1S1NTTUVKVTJuZkRpSmJqekF6VklrZGxvVjFxTkpTdWFyTmVEbUZTeGdwTmsyWGYwajhCMDYxQkJnaXdBMGcwL0poUjVCbkVJYlBDQ25TQXczczJxcGZuYm16Q2pVdkI1KzBsVUdhMG5pbGltN2lmd2ZrZjJ3PQ==',1508483854141),('YmJEODloZWtGYVdXVG1Qa3U1c3hZK0pwcmxnRmR2QS9CRDF1RzJGdUhvYXpEb1cvdDJJMUh1S1NTTUVKVTJuZkRpSmJqekF6VklrZGxvVjFxTkpTdVJZbHBSdEUyakVRcnNFa055UW9TcjVrUjZUSFhjN3JtdEIvYkhRc1phbVhSRnd1bHlMeGxHT2lYU0M5NkVYNVd1KzlyRXd5OHJTSHQzMllYRGM1cVZZPQ==',1508511544553),('YmJEODloZWtGYVdXVG1Qa3U1c3hZK0pwcmxnRmR2QS9CRDF1RzJGdUhvYXpEb1cvdDJJMUh1S1NTTUVKVTJuZkRpSmJqekF6VklrZGxvVjFxTkpTdWR4RkFqcW1rV29zSVNGNGJ0K3NDaTJEMFhYVWhMREhmMDQrYW9hSjFqZWdtZjlVQ2lyeSs5ck5CNnVxbm1KZFUwWlBHSFA1V09NSlVjREc0OWZER1hrPQ==',1508525740175),('YmJEODloZWtGYVdXVG1Qa3U1c3hZK0pwcmxnRmR2QS9CRDF1RzJGdUhvYXpEb1cvdDJJMUh1S1NTTUVKVTJuZkRpSmJqekF6VklrZGxvVjFxTkpTdVRLWnlKdWp0RzZyWE9RaUZ3K0ZjUjBqdkFZMnMweHNoODNPL2ZtaVFreGJoOWh3TzFOOVNuWWpERGtBNUVMUEhQb3BpRVVoNmRtWkE3MlFQRmF4eXJZPQ==',1508562345050),('YmJEODloZWtGYVdXVG1Qa3U1c3hZK0pwcmxnRmR2QS9CRDF1RzJGdUhvYXpEb1cvdDJJMUh1S1NTTUVKVTJuZkRpSmJqekF6VklrZGxvVjFxTkpTdWVaNG5jWDJuOHdKa0VhMDRCSmZobndLbE40T1RLODJaRnlBaU1RNGs5ekhybTBiWXg2UWgydWZ1TkxTdm84ZUdqQnpyTDlCRk4yMEpVZzlqb1lMT1VVPQ==',1508657207195),('YmJEODloZWtGYVdXVG1Qa3U1c3hZK0pwcmxnRmR2QS9CRDF1RzJGdUhvYXpEb1cvdDJJMUh1S1NTTUVKVTJuZkRpSmJqekF6VklrZGxvVjFxTkpTdVNOcHNOUXB1MFJWNDlYa2VxNkNXZTA5SlhoZzV5WTNRWGxNQVRzN0tWenVlZEc4SGErUnQxMURBZTlVYXA0ZStkYnozb0pPWHRNNkNrTDR0YVRKSWc4PQ==',1508684992720),('YmJEODloZWtGYVdXVG1Qa3U1c3hZK0pwcmxnRmR2QS9CRDF1RzJGdUhvYXpEb1cvdDJJMUh1S1NTTUVKVTJuZkRpSmJqekF6VklrZGxvVjFxTkpTdVUyVUdnSEtmSzk5WFNQbkNsSjFLWlFLeE1HZmp6eE1lcU5HMWdPZzcwVEpaT2wvYVRpeGVDVWUvTUpFWXVtTlZtWjJIRUh4ODNoWCtleC9LRVVLS2VrPQ==',1508692381348),('YmJEODloZWtGYVdXVG1Qa3U1c3hZK0pwcmxnRmR2QS9CRDF1RzJGdUhvYXpEb1cvdDJJMUh1S1NTTUVKVTJuZkRpSmJqekF6VklrZGxvVjFxTkpTdWRSV1RhbEZVekpiZE9PK25MQ1gxVnpYd1pvZmgwdzIrdjRKV09nUTBsSXBGSkE5UXBTZ1VUTXhhNi9seUorQmxuQzFkZ1MyYXlNMXRFUG1DS1FEa2FEVWhnd3FLWGYvVFRDNVo1OWl1NUFz',1508785273135),('YmJEODloZWtGYVdXVG1Qa3U1c3hZK0pwcmxnRmR2QS9CRDF1RzJGdUhvYXpEb1cvdDJJMUh1S1NTTUVKVTJuZkRpSmJqekF6VklrZGxvVjFxTkpTdVFsMjlVdU84QXh0MzlYMmJ4TGJEc3VvSmhhYmdCYitXb2gvU3ExY2dHNkdyRTc0ZEFveFB6RE5LSlNTVnUvelptRXZiMkV1a2czWEVUVERuVmVOQXlXck4ycWVOTUxneFh5THpXVk9heXhU',1509286931549),('YmJEODloZWtGYVdXVG1Qa3U1c3hZK0pwcmxnRmR2QS9CRDF1RzJGdUhvYXpEb1cvdDJJMUh1S1NTTUVKVTJuZkRpSmJqekF6VklrZGxvVjFxTkpTdWF3enhQY1VwcGQ4M2RNZEk3UkhqdHNsWFowbHdmRVg0THlDWFpkNVZpRHlrei9GSmN5eVNzWGlBaU9NL0FneHlqT1Q0bkFyYTB0WmxMd3ZHNjVGVEp4R2dqUEx5MWdSQnpMdCsvZWV5SzI1',1509769218343),('YmJEODloZWtGYVdXVG1Qa3U1c3hZK0pwcmxnRmR2QS9CRDF1RzJGdUhvYXpEb1cvdDJJMUh1S1NTTUVKVTJuZkRpSmJqekF6VklrZGxvVjFxTkpTdVRkNHFtTSs5WGd3N29nN3RiZHA0SVVJSzhBV2Vyb0tqS0ErM2pLclVlZ0lTdmR2WWZoc2tTZ2l1bWpLMURnK2U2Q2wrY3ZGQWdRQjZLanRxSmgwd1V4OTZaUlNnUklHOXVzUDNqMFZJeTc3',1509781448016),('YmJEODloZWtGYVdXVG1Qa3U1c3hZK0pwcmxnRmR2QS9CRDF1RzJGdUhvYXpEb1cvdDJJMUh1S1NTTUVKVTJuZkRpSmJqekF6VklrZGxvVjFxTkpTdVpCVWVHTGlTQ1cxSWY0aEh3cVpWTkppc05CTmM4ZlRuM09UOXFBMDZyUGF4cWRFYU5hSVRQelBVNjB3QkNYZUZ6M05PazdRWFlQbk1NVytYRzdrMzZPY1p5OU1jcTRzZVhiQkRYcUZrWjhW',1509801165382),('YmJEODloZWtGYVdXVG1Qa3U1c3hZK0pwcmxnRmR2QS9CRDF1RzJGdUhvYXpEb1cvdDJJMUh1S1NTTUVKVTJuZkRpSmJqekF6VklrZGxvVjFxTkpTdWVXRHAxNTAvU3ZVYWpLbmQrMHJUQTZrL1E1ODFBeXViVWpscFJjUFhUSmI2aWFneDBweFFseVdQcTFpbDZqOFAzTnRKNDRFRkoxcmtGWDY5NlhLMWlFY0tSUW9ha1NrRGRJa3JqRTZZME5U',1509819370724),('YmJEODloZWtGYVdXVG1Qa3U1c3hZK0pwcmxnRmR2QS9CRDF1RzJGdUhvYXpEb1cvdDJJMUh1S1NTTUVKVTJuZkRpSmJqekF6VklrZGxvVjFxTkpTdVd3Vm5CNy9JK1VPZ1dvWnh3RlpYR29VNkcxamQyK0lQeHdWQ3BMUFVqZy9HaExDcStXNUlFVWhpajBDRTd6MG1UUkRRRkdUYUZkQ29wNUZMeWg3UURjRTJSak9PNjdlR1B4cDNCdjBPbTZV',1509832257225),('YmJEODloZWtGYVdXVG1Qa3U1c3hZK0pwcmxnRmR2QS9CRDF1RzJGdUhvYXpEb1cvdDJJMUh1S1NTTUVKVTJuZkRpSmJqekF6VklrZGxvVjFxTkpTdWY4bmQ4Q1htN2MrTjBRSmtYS2YxSzBrLzNWUjZkK05FN0J3NzYrSXhTN3loS2tUZnZoNTRwQUZ3di9VSjJtVFR4WnFqVlQ2THZ2RUR2RW5MMlBmMlhMT1hWK2Q0NGRxZUV4bmZOc0N5NXBw',1509867286852),('YmJEODloZWtGYVdXVG1Qa3U1c3hZK0pwcmxnRmR2QS9CRDF1RzJGdUhvYXpEb1cvdDJJMUh1S1NTTUVKVTJuZkRpSmJqekF6VklrZGxvVjFxTkpTdVhmNzA3SS9ONlZjVDNwcWxuMERITTFvWGlRZ05mZEgwWG9DN2VFcW56MnRiUndXUUIzM29LcFVMZHZHT2hCS2x5aGovcC95d214WVBoMGtEMHJYM0VCakFFY3k4NkxBRWJ2MXpVQlFBdTFH',1509873028878),('YmJEODloZWtGYVdXVG1Qa3U1c3hZK0pwcmxnRmR2QS9CRDF1RzJGdUhvYXpEb1cvdDJJMUh1S1NTTUVKVTJuZkRpSmJqekF6VklrZGxvVjFxTkpTdWVMdVVURnVQUmdFc21mVi92MG5ia0ZQcWV6dlBiSEE1Y3lpcmtFV1ZtdE5JYy9UWWZ2NGovdndhempqTUZtemRvSnNtUjRIY01NT0RMQSttQWlPZU1ra1BISjBxWkh4akQ5Qm5IRERmN2RJ',1510413933689),('YmJEODloZWtGYVdXVG1Qa3U1c3hZK0pwcmxnRmR2QS9CRDF1RzJGdUhvYXpEb1cvdDJJMUh1S1NTTUVKVTJuZkRpSmJqekF6VklrZGxvVjFxTkpTdWIveldDWEJnRXIwczl4QU0rZHl2aXJleXYzU3FsMG8wUzhKMFprZFBUYjdSa0pWcnNUbDY3elgwMWROcitSdWVFUzhhdDROclpDaFdZeEhrTnFnb2Q3T1QxS3dncHdDdjVqelFEaE1pL25G',1510512883546),('YmJEODloZWtGYVdXVG1Qa3U1c3hZK0pwcmxnRmR2QS9CRDF1RzJGdUhvYXpEb1cvdDJJMUh1S1NTTUVKVTJuZkRpSmJqekF6VklrZGxvVjFxTkpTdWJmMjhRRjlnczMyUFFsa2tBNE01VDRGN3BjRTlwSzR4eXNkZDg5SXBIM1JaWGUzMVRhaGVmcEUrNGZ0bDNza01tam1uQndOVlJBUFVoV1FpUzYrQjdNeEZPaUFYNzV2ejN0dU1yOWN0MEtw',1510539386118),('YmJEODloZWtGYVdXVG1Qa3U1c3hZK0pwcmxnRmR2QS9CRDF1RzJGdUhvYXpEb1cvdDJJMUh1S1NTTUVKVTJuZkRpSmJqekF6VklrZGxvVjFxTkpTdWZSQlRUeTJsY2d0TzAxZkRMS0o2bS9VNUJyQWZZUlRnN01aWFZZcjBXQ1hJeldNeE8ySTRnWjVYb0xjaFBuR1A5aUdWRGxGUnNYS0NUMjE5NlNxVnRaMXJ1QUIyemtOZVY5bDdTdm1aSTdy',1510587156540),('YmJEODloZWtGYVdXVG1Qa3U1c3hZK0pwcmxnRmR2QS9CRDF1RzJGdUhvYXpEb1cvdDJJMUh1S1NTTUVKVTJuZkRpSmJqekF6VklrZGxvVjFxTkpTdWNjVGYycGZTZkN1ZjR1azVMZGg2K1NPaDl4VnFyQTY5VmVmWGJ1M0ltVVNjQUtUMHZ3NjJ0OFhHQzJrOFBQWWtRL0pZU1c0VnpwSUxiWHo3b1lSS0tNdWNwYVVNNVk1Y0FPdldUM3NMd3Jp',1511370051204),('YmJEODloZWtGYVdXVG1Qa3U1c3hZK0pwcmxnRmR2QS9CRDF1RzJGdUhvYXpEb1cvdDJJMUh1S1NTTUVKVTJuZkRpSmJqekF6VklrZGxvVjFxTkpTdWU1VFdEK3dRTVg3VlJXcDZ2ZXR3ajl2bGlLdzVXMzVXTXhFdVY1ZHlRQ2h1NmN5blZObCtyRG9WRkEzalkyYys5Nmd4STNXWEQ0U1Y1SWNqUzIreFRNZnN4Zk9YYXVIOVNDeGlnaHRFUk4r',1511464848631),('YmJEODloZWtGYVdXVG1Qa3U1c3hZK0pwcmxnRmR2QS9CRDF1RzJGdUhvYXpEb1cvdDJJMUh1S1NTTUVKVTJuZkRpSmJqekF6VklrZGxvVjFxTkpTdVJYaXl0OHovQUZFQXhrZ1VGTmM4d3pmTTdSN0RkcE9UdkhYRmI4T05BbnJQeXpGMlgydmppcnJLaXdvMlhxMi9oNWhEdmVqcy9WTTFzNVlPTGNOUkRlMjNxNmZCYjJvZm1JblVWTlpSMUNn',1511661515931),('YmJEODloZWtGYVdXVG1Qa3U1c3hZK0pwcmxnRmR2QS9CRDF1RzJGdUhvYXpEb1cvdDJJMUh1S1NTTUVKVTJuZkRpSmJqekF6VklrZGxvVjFxTkpTdVY1THE5M1RIbGQwdVBGQnBpVFd5eFBXUlF5dTZEbjdQTkx6NjZ0aFZyYVkvWm9wZUNJa2lkYlVBT1NWWHdyUzYrZUtHK2pUYWJEZXN2d1dtVmpZYXp0MThxeFNpOFVxd3VVMXpHR2t0ZWQ5',1511683646453),('YmJEODloZWtGYVdXVG1Qa3U1c3hZK0pwcmxnRmR2QS9CRDF1RzJGdUhvYXpEb1cvdDJJMUh1S1NTTUVKVTJuZkRpSmJqekF6VklrZGxvVjFxTkpTdVRLUkhEZlBubmIrbHVtdEIrUUpjQkFZT2VkeHF6M0grTHlEdnFLbkpSK0p3ZDFYMjVTL0hGbXVKdElsejF3NUhoSlRMeGdVYWdTZ2tXSThLK0N6MStXaFB4THF2R0FxdUVhb3pCRWEzN3c5',1511680382526),('YmJEODloZWtGYVdXVG1Qa3U1c3hZK0pwcmxnRmR2QS9CRDF1RzJGdUhvYXpEb1cvdDJJMUh1S1NTTUVKVTJuZkRpSmJqekF6VklrZGxvVjFxTkpTdVllS0hVdlpJQlRUcysyWU1NRUZuVVZOa3pWMDFlQTFRekZUUlUxQTdqelJ0Rjd6OU80bnQzRWxTRDZuMjFWZDk0Nzgra0VkZFBDSldIakJzSkVvbm4yNnpKQlQvYkFWbDJVVHBycEJCVXdq',1511680383802),('YmJEODloZWtGYVdXVG1Qa3U1c3hZK0pwcmxnRmR2QS9CRDF1RzJGdUhvYXpEb1cvdDJJMUh1S1NTTUVKVTJuZkRpSmJqekF6VklrZGxvVjFxTkpTdWIxOXdEVWFRNzhCMnNKWUNWOHEzalpFQnh2TzMzQnpHeGViVC8zY3BySmFCQmFHS3h3eVlCbXlQSmpRaXMyS3FoL1JJUWFpZ1J5NUZvSEVHS1pqK0h2WkM2ZFMxTVVUNmRtU3JVT29kbkV1',1511680384220),('YmJEODloZWtGYVdXVG1Qa3U1c3hZK0pwcmxnRmR2QS9CRDF1RzJGdUhvYXpEb1cvdDJJMUh1S1NTTUVKVTJuZkRpSmJqekF6VklrZGxvVjFxTkpTdVhSM21lR0x3VHlOQnVCZVN4NS9lSE5INXIyTXh4c2J2R25BWHZKUVpHcFhGYWdySnIwS2swWlpVdVB0Tm12UVB1YkxIS0h6QzVzSmRGTFc3TDAzUXY1K3ljYnZYbVJkRXFPSVpjNHB1MklQ',1511680384521),('YmJEODloZWtGYVdXVG1Qa3U1c3hZK0pwcmxnRmR2QS9CRDF1RzJGdUhvYXpEb1cvdDJJMUh1S1NTTUVKVTJuZkRpSmJqekF6VklrZGxvVjFxTkpTdWZjOXpjSTVBTklqSGp1bTNySG5aTFBha2RZVFloU2xMMktyU3cxdVlPSk9zSjYzTDRuSEJSdUJPMWVLZGMxQ1RlTEFTNi9KSkhuWml1LzhtNEFQajQ5bmQrSEFCcDZySGVkeDRGL1htTHNL',1511680384843),('YmJEODloZWtGYVdXVG1Qa3U1c3hZK0pwcmxnRmR2QS9CRDF1RzJGdUhvYXpEb1cvdDJJMUh1S1NTTUVKVTJuZkRpSmJqekF6VklrZGxvVjFxTkpTdWFXYmRxc21vbVAzZCttYUFDZ2toNVFBQW9HNlhERUZYcFQwOXNyaFRJc1VwQXAxcGx4SEsyZ2E5NE53MWRNOVcwZFMwa0N3MXBKTllyZkhaRFRTMlV3V3EwWlV4VEZlT2E3dGZId1lBWFps',1511680385610),('YmJEODloZWtGYVdXVG1Qa3U1c3hZK0pwcmxnRmR2QS9CRDF1RzJGdUhvYXpEb1cvdDJJMUh1S1NTTUVKVTJuZkRpSmJqekF6VklrZGxvVjFxTkpTdWJkRThxOW1Lam9MM0NQbXM2czM4Vkg3eEJrcGxMWVFnS0p4YktzYnM4MkpTdW1OTDl0QVB6M0Nrb0Zzc2ZJdDhoc0U5djhkdDVXTzFLQzFoVVl1S1NtTjRVT0NXNE9yRXJ3V25BVy82cmE0',1511680386004),('YmJEODloZWtGYVdXVG1Qa3U1c3hZK0pwcmxnRmR2QS9CRDF1RzJGdUhvYXpEb1cvdDJJMUh1S1NTTUVKVTJuZkRpSmJqekF6VklrZGxvVjFxTkpTdWVDS1E4aXF0WEhGTTY2MHpURWNlWEFKTjJPL2dCdk1Md3lCRGRjUFJiL1RWWWgxRWtmNVF6K2xkeU9ZNHpJOXdWWlNROVdRd093OC9QWnVlcnR4MkVITk5pWTUrTTh2ZE4zS1dtVy95UTVL',1511680386597),('YmJEODloZWtGYVdXVG1Qa3U1c3hZK0pwcmxnRmR2QS9CRDF1RzJGdUhvYXpEb1cvdDJJMUh1S1NTTUVKVTJuZkRpSmJqekF6VklrZGxvVjFxTkpTdWQ0VHpXeHZYbGhxN3hyWFp0QWY4V0xBT1lwSlc3eWtldG01RVF5QU1KWUVJYXUrUXlpbmNXNHF5d0E2a2Z6R2JMclpaUWdrNTc1bzdsNEtuVEthR2hheVNQdGR2OWwxQjFqckpkc1k3SlVH',1511680387022),('YmJEODloZWtGYVdXVG1Qa3U1c3hZK0pwcmxnRmR2QS9CRDF1RzJGdUhvYXpEb1cvdDJJMUh1S1NTTUVKVTJuZkRpSmJqekF6VklrZGxvVjFxTkpTdVliQmpxbkpmQjFRclQ0R25WbHlrYU5UdDZFd2syOFR5Q1BGQzk1R084Yk13NHA2SFdHU2RiV1JEYW5PTHowWnAxMmZFSDc3OVI1bkNiNEloTm9zQXU1SW4zUTVtUVNKNEtxQXZIdEFXQWMr',1511687034040),('YmJEODloZWtGYVdXVG1Qa3U1c3hZK0pwcmxnRmR2QS9CRDF1RzJGdUhvYXpEb1cvdDJJMUh1S1NTTUVKVTJuZkRpSmJqekF6VklrZGxvVjFxTkpTdVlyNU84Zkx1NXFGdm9iM1V2MWNsWkhNRU1CdzA4N0VWUGxCeWE3ZW45NjYyWVNMMXRIMGtrOVpOMWdneXZhdk5wdis0VE5KbHphZkVLRjBud00vaU9XYnVMN1p6VTVtcmt5SXQvWHdiWE44',1511693487205),('OE8rUkhncGhGa1QvNGt4N0hFMGU1aGhHcXd5c3BMem9QdlBsV3B3T0p6Yy9RTFlMOHNDcGtlYy9yeDB4bENUdXZXMWtORmY2Ym94NG5sZVdCcW9PaVQyb01MS3ZBQzc2OUY5cDZrTWNXTVpJTmpoTFE2QVBlMVVrZXpOcGdNajExNy9YOVY1T2VsbGY3L2VlQUlPSVhVUCs5Q3AzaU8wbHBiL1JEWk1NczBTaFUraTZ2UWRnb1pwUnZ1dktMQzV3',1511713027181),('YmJEODloZWtGYVdXVG1Qa3U1c3hZK0pwcmxnRmR2QS9CRDF1RzJGdUhvYXpEb1cvdDJJMUh1S1NTTUVKVTJuZkRpSmJqekF6VklrZGxvVjFxTkpTdVMyVDI4RHJLWDI3R3pWd1JVbjBzWm5LM0VUSjNvY3NHN3N5ZzBJTlgxaVN1KzJHTHhQMXh4ZGpZdFVSd0VXZ3F5ZGJFSGI2czZwQVRsN0FvUjFINDUyS3dBckRXb3Q3U2swV1RTOHkzZmdR',1511713117704),('YmJEODloZWtGYVdXVG1Qa3U1c3hZK0pwcmxnRmR2QS9CRDF1RzJGdUhvYXpEb1cvdDJJMUh1S1NTTUVKVTJuZkRpSmJqekF6VklrZGxvVjFxTkpTdVlwTXBub01udENpaE5mU2xsU0VtUyttS01VeXh5dHVaZk92VXloTENJeW54ZFNXOTVkWk1CNWdlUm10Q0JOUnhpaWxVSi9YL25mQnB5OWtPU1NXSVIwVmI1TjRPYThZUEprY01rQ1NzMmNw',1511807829500),('YmJEODloZWtGYVdXVG1Qa3U1c3hZK0pwcmxnRmR2QS9CRDF1RzJGdUhvYXpEb1cvdDJJMUh1S1NTTUVKVTJuZkRpSmJqekF6VklrZGxvVjFxTkpTdWIrY0hWR2pWRm5DSmxZV2J3WDRXRjlFeHk2bzh5TFVZcmZkbWY1L3c0ajduanhCSjhCQk9FNVpjUXE4a1MxcmZtcDhmeDBQZjRDUWJ6QlZNMjI3d1hmYVZHaXRPdGYxWDA1VGRPb1dPQm80',1512493633623),('OE8rUkhncGhGa1QvNGt4N0hFMGU1aGhHcXd5c3BMem9QdlBsV3B3T0p6Yy9RTFlMOHNDcGtlYy9yeDB4bENUdXZXMWtORmY2Ym94NG5sZVdCcW9PaVl1bXVaTEtKeDRBak1ZNC9wTkJuZlR5QStmaWVtcmpOTlUxNWVNNUZjUkRYMWllQXNpL3g0OUpDVG90U2FZNDVWWnBJaFBBVktWbkRZWEI0cWdIZHBYdVZoZEl2Zkg2MzNEMXF3Qis2OE93',1512525753774),('OE8rUkhncGhGa1QvNGt4N0hFMGU1aGhHcXd5c3BMem9QdlBsV3B3T0p6Yy9RTFlMOHNDcGtlYy9yeDB4bENUdXZXMWtORmY2Ym94NG5sZVdCcW9PaWNKcitpdElsdkI0SDV4cXFaRWhNZlpVVVFrOUtnZzRmQzR1bHRraUNWZ1lnMnRESXAxd1FVSjl0NEdVZTdZZlhQZUV3aFdjUTZUMStDMXJqYWZvRnF6M1RCS2FORVRpYk1CVHRWbFUzZVNR',1512581493067),('OE8rUkhncGhGa1QvNGt4N0hFMGU1aGhHcXd5c3BMem9QdlBsV3B3T0p6Yy9RTFlMOHNDcGtlYy9yeDB4bENUdXZXMWtORmY2Ym94NG5sZVdCcW9PaVh6N0Mra0R3bGlXbnRvY3ZmakJYc1ZiYXhZQnJkTkN3RTVub0ttL1FacVY3ZVVYRzZBaGJ6QlVmaTMxWEdPS0pya0lwN2NYYlRhTGtmN0g0TnZQM0dQSTcxZUtpczdIb2IrYnRZZU1kaVdDRjhDRU9UUXNGdFBmbm1MUFFsb1RWdz09',1512581500097),('OE8rUkhncGhGa1QvNGt4N0hFMGU1aGhHcXd5c3BMem9QdlBsV3B3T0p6Yy9RTFlMOHNDcGtlYy9yeDB4bENUdXZXMWtORmY2Ym94NG5sZVdCcW9PaVQyOFBQbG1iZldhQXNVc1hhK0xwazU1TzRGWkY4K0V3MGJvUWNnN09Sa2d1dzM5QS9ab2ZleVJLT2ZnSHNPT1JzR0NaWmZHZzk3Z3dwUmwxSm42cWlYZCtzZkJ0MHNGbXBvOGswM1A1RkZzQjdzVUJ3RFRSY1NUM3BVN1dORlhZZz09',1512584082735),('OE8rUkhncGhGa1QvNGt4N0hFMGU1aGhHcXd5c3BMem9QdlBsV3B3T0p6Yy9RTFlMOHNDcGtlYy9yeDB4bENUdXZXMWtORmY2Ym94NG5sZVdCcW9PaWE3bm11SitwV25XR3dqQis5N1ppUklVTE14amVOMkl1aVRlNDJ0QkFFUTA5WWZJcFR3M2Jqc2xENDEzcWFhWjlnQmtiVXhhcS92M1FLQ0hhY1hhS05iSTVhOXpXSEp4d3BUM2kwb3NpSWY1TWNpY3dhR1Z0TzNHUHVXZWxjOFI5UT09',1512613423349),('OE8rUkhncGhGa1QvNGt4N0hFMGU1aGhHcXd5c3BMem9QdlBsV3B3T0p6Yy9RTFlMOHNDcGtlYy9yeDB4bENUdXZXMWtORmY2Ym94NG5sZVdCcW9PaVVqdG1TZStHTFRNRGRJTW83eU1lc1I4bUtoaEI4OU1JTnlvOUtIc0FOMjZid1B3VS9Yc3JoS2xPMG1wbUZiRHpjd3FHUXJWUzBzeGwvV0J3bitmdTkxWkFXdVhQQjNodkdBTjNsbHJ4UTd5Y01NdmxuMWU5UGtMYUpLS1FhaFVjQT09',1512668157083),('OE8rUkhncGhGa1QvNGt4N0hFMGU1aGhHcXd5c3BMem9QdlBsV3B3T0p6Yy9RTFlMOHNDcGtlYy9yeDB4bENUdXZXMWtORmY2Ym94NG5sZVdCcW9PaWR2TFVLMHVUdTlBSUlNam14U0Fyc3hUUUd2S3FmSks4T1BXSnFjWVFJVXdNbVlLVU45ZEJTLzdsWVBQSzBMU0JTbitpK095VEZqc3NlYnJMUWNNYXVrWHJ3ZU83aVQ5eFZENExMeVJKb2x2TmhYT2s5VFpnS2VDbmlVdmFHYlFHUT09',1512698776500),('OE8rUkhncGhGa1QvNGt4N0hFMGU1aGhHcXd5c3BMem9QdlBsV3B3T0p6Yy9RTFlMOHNDcGtlYy9yeDB4bENUdXZXMWtORmY2Ym94NG5sZVdCcW9PaVdOL0xkNnU1UWliOFdhb1RySWtNbFFJVE9pZHJtR1BFNzlPWHloVWhHOWlmd2IyWVo4WDIrcWpRenhVNDNxVEQ1V0E5WVJhdi8ra3F2U0VTY2hlV3pTcGcwV1loMzYyZkRyY1NjbnlYWUx4aFlEdUVMNDYzakU3cTZMSGVOWGJndz09',1512760941267),('OE8rUkhncGhGa1QvNGt4N0hFMGU1aGhHcXd5c3BMem9QdlBsV3B3T0p6Yy9RTFlMOHNDcGtlYy9yeDB4bENUdXZXMWtORmY2Ym94NG5sZVdCcW9PaVU0Uk0reDJlckVQSFZGSFlEZDBOWms3eVlGMWZ1cUEzNDFzS0hNUDNzQ0VPNENoNmhPN05FSjgvK0xYT2p6bkdZeGUyODlzYnEwWm1Fdi8zRDdINkU3aThsWFkzRXRwdGNjakc5TGRRaGdOQzJHSkcxQmxaMUVDN1ZWY09QZ1ZlUT09',1512814109421),('OE8rUkhncGhGa1QvNGt4N0hFMGU1aGhHcXd5c3BMem9QdlBsV3B3T0p6Yy9RTFlMOHNDcGtlYy9yeDB4bENUdXZXMWtORmY2Ym94NG5sZVdCcW9PaWZtUEJ6QXZhUDZNc245SDJhKytKeDM4Yy9MVG9SajU0R2Q3SEhqcFlnVWdBdzBSYUxBS0lsb05NYzdJZ3MvYmdlMExwRG1LVmNxZmNmNElHUUI2ekx6cDRZNnd0bjRpSXF3dGdGb2hBOTdBYlEzMlhVY2xwRURSYmgyTjExUTY3UT09',1512908502978),('OE8rUkhncGhGa1QvNGt4N0hFMGU1aGhHcXd5c3BMem9QdlBsV3B3T0p6Yy9RTFlMOHNDcGtlYy9yeDB4bENUdXZXMWtORmY2Ym94NG5sZVdCcW9PaVZ0RDFaS0UrWnBzU2pqNG01ZVMxS2xtS0VhWmtXSHlvb3lsVlJxWjNMOVF2T0NnU01mdDI3R3o4a3BvK0tObjI3cTY2RUlYblZPNmFmSy9zWEoyV3NWK25rZ2NvcVB5b0V5OHpYZC9qK3Z3VnVtTWxvaHlVbXZhekFjb0R6eVJsUT09',1512933040664),('OE8rUkhncGhGa1QvNGt4N0hFMGU1aGhHcXd5c3BMem9QdlBsV3B3T0p6Yy9RTFlMOHNDcGtlYy9yeDB4bENUdXZXMWtORmY2Ym94NG5sZVdCcW9PaVlPWjIzdStQWjFXQWkvMmYwbU9ZR0UxR1RrWG9lVVhCMkZVUFJXZ2dLS3Uvem5CMFBpUFRjdW4wajJLTmN5SVlFcE53TW1yb2hZNCt3aXF2LzVhTFM3OG8zS3Z1M09PYW1Kc0cvdllscS9yYmNYeElBSzJGZ0FWTTRoa3ByZ0laUT09',1513521294757),('OE8rUkhncGhGa1QvNGt4N0hFMGU1aGhHcXd5c3BMem9QdlBsV3B3T0p6Yy9RTFlMOHNDcGtlYy9yeDB4bENUdXZXMWtORmY2Ym94NG5sZVdCcW9PaVY5Z2xvOS9GL2ZtdVE1UEdmbURxTVFwdjMwZmw5SFpNcm9OdDgvemE4YURMdDYzckJjRGdNWWlOSkxVZmlVV2Z4dExNb040TitlaDdoaUw5QWVBd2t0OTdUT2JZbDk0S2VoRFlWdGNGNnh6aDl3VU9oVmlnYVRUVzdDMC9FQk1vUT09',1513536840318),('OE8rUkhncGhGa1QvNGt4N0hFMGU1aGhHcXd5c3BMem9QdlBsV3B3T0p6Yy9RTFlMOHNDcGtlYy9yeDB4bENUdXZXMWtORmY2Ym94NG5sZVdCcW9PaVdEbTRyd0lEdHpBbFZkbnJaai91aU9yQ1dmamdvS1gwekM4QzJYMEhRb0ZjVVc0VEdaRjRGeDRPVUplUm9Qck43c3FJdlc1SENkSVFZaEo5cmxScHR6N3FVdUJMaWtKaVhaWjdFTjc3QkxqWHBtT2JEOEVORndJU0NiNjRaVEFJdz09',1513564501202),('OE8rUkhncGhGa1QvNGt4N0hFMGU1aGhHcXd5c3BMem9QdlBsV3B3T0p6Yy9RTFlMOHNDcGtlYy9yeDB4bENUdXZXMWtORmY2Ym94NG5sZVdCcW9PaVFsSHhLQTlmM25sSlhocC9mNzNnaHFSMFphdm9QZUN4M3pNVUR6UXliYzFtc3FTcVhMSXJTekxSMFliSWJHL3lwM0Q4OFFmbmhxNUhRWktweXFPMUtIZTFFcGJrUFB1bjhPY1FUVm8yTGxDWmUvaS8rT0pYWnJXaC9EN0xsWDB2UT09',1513881603993),('OE8rUkhncGhGa1QvNGt4N0hFMGU1aGhHcXd5c3BMem9QdlBsV3B3T0p6Yy9RTFlMOHNDcGtlYy9yeDB4bENUdXZXMWtORmY2Ym94NG5sZVdCcW9PaWY5ZnQ5WUlLaU0wRkRnNFUrRFZ5dGg3ODdKRktKWHBBTTRXNnh5bUNjKzBlaUgzRUdyei9qOXZydXpPc01sKy9aUVIyYjR2clZHb3pwVEZuMHZ3aVM3c3Iva1ZYVjFtUkJYVlV2djBaVEl2R2VGQWIxbGNUL1RZV2tBVVFJQ2dhQT09',1513970674911),('OE8rUkhncGhGa1QvNGt4N0hFMGU1aGhHcXd5c3BMem9QdlBsV3B3T0p6Yy9RTFlMOHNDcGtlYy9yeDB4bENUdXZXMWtORmY2Ym94NG5sZVdCcW9PaWJ5ZnJQQWw5N256bk1JRUF4UUNTMkNyVzV2YmZTOTE2Sm5pMU9kckNKRnAwZEdzS1VnNTE3cWxtWDNGdnI5QnUwV09XV1NWZVc5d1hZbEQ1ekRjdnMwU2R4bERVZlA0NGFjUklSRjVHYUdJZkk0VnJNL0VwTDFNN0R5MHVQTStaZz09',1514016112407),('OE8rUkhncGhGa1QvNGt4N0hFMGU1aGhHcXd5c3BMem9QdlBsV3B3T0p6ZXRXNFlOUkl6MCtWMDFlVjZyR1hKcExPbHFrRkhpL3BvUkpSMHIxOEtKbnhSdGJPbXRrSnlVbHF4WUJSbkZ6WUpibFNIR2YvQTRXVUJuaGRSdCtXZ3k5MHY0bTAvZmRzWUxHTnBQSks1bnBxenhxZVRWcnEvbldLNWxaWVhyc1VPNStjMzZ1OEgrUjJQYUI2d3Q2R0hpUnoxZGlkOFJTdmZZejByOFJDQWIvUT09',1514052661785),('OE8rUkhncGhGa1QvNGt4N0hFMGU1aGhHcXd5c3BMem9QdlBsV3B3T0p6ZXRXNFlOUkl6MCtWMDFlVjZyR1hKcExPbHFrRkhpL3BvUkpSMHIxOEtKbjdQOG4xS0lldUtYZXFndUhFV0JWWUxsT2lBK29pZGYzVVpaTEozOTQyZlg3TEtYbnBYaUpYaDZlVUZJVlNVVlJBczNaNlNuNUk4c2U5Yy95ZVh3SkQ5MExOYWJ6VUQ4d2ppVGNYTGNTWm4vOUZqTW5HM3VUVVE3SHU5bU9xdFFvUT09',1514138897681),('OE8rUkhncGhGa1QvNGt4N0hFMGU1aGhHcXd5c3BMem9QdlBsV3B3T0p6ZXRXNFlOUkl6MCtWMDFlVjZyR1hKcExPbHFrRkhpL3BvUkpSMHIxOEtKbitmbThKazZBWU1TbEUwcmwzQkJNSzN2d0lRTlY5NEEraG9yaVZEZkJkVkVjOEs3Y2FFQW5mY3lOM2EzUTJWTkhadEJQZDkwSUpzV3RiVEl1ZElGWDR4TkFOMjUyNXI0YVhoOUFDcEtpL3RLZXBoelRDZUZ0YmZxOTB5YmdFZHVyUT09',1514179687339),('OE8rUkhncGhGa1QvNGt4N0hFMGU1aGhHcXd5c3BMem9QdlBsV3B3T0p6ZXRXNFlOUkl6MCtWMDFlVjZyR1hKcExPbHFrRkhpL3BvUkpSMHIxOEtKbjE1VStkUzNOU3NGVW1TS0I5NXBoYkFiZ2ZFQ1FXMU5UVEdCaGlGdDhjdDNDemlJVzQxVHZlTUUwMlVKUGFyeHNTRWMrREVaNXVnVHVzamtSd0t2VXExUzJ5OXNJdHVWSWVMY0FOcUVhNVB5NzZQQy8wMGdUZjV0b013NlF0ZStNZz09',1514557288918),('OE8rUkhncGhGa1QvNGt4N0hFMGU1aGhHcXd5c3BMem9QdlBsV3B3T0p6ZXRXNFlOUkl6MCtWMDFlVjZyR1hKcExPbHFrRkhpL3BvUkpSMHIxOEtKbjFUa2k2U0k4Q0RpZElDNHgrTTZvZ3hqeCtxNDZIMXdmWkg2STZ2QTlaTjJiVFE4Ky9tRHQ5b3g5Uk0xR29LQkNPaUcrRmhWQi8vOUltUW9ad1ZOa2hudk96bUM2UzlYQ1I0YTNxeVBBUVI5ZGEzei9zNVNSWit4THVQZ1p3ZU1mQT09',1514649997747),('YmJEODloZWtGYVdXVG1Qa3U1c3hZK0pwcmxnRmR2QS9CRDF1RzJGdUhvYXpEb1cvdDJJMUh1S1NTTUVKVTJuZkRpSmJqekF6VklrZGxvVjFxTkpTdWJ4MjR6dWYxeXJaMDhKOEFUWUxWVFNaYlRFT3VTNE04ZUFTNnBSNkR3T0J5TDYzRWRvWWgwTUljUTk1dWg1ZDVPWUtMSjBkM3REU0FvRXd0dTEvSzZidUJrdXppbnkvRjFZOVJJd0lEanBaQkhvMzNnMTlDNGo4Z2x4YWVqVnQ3dz09',1515211351196),('YmJEODloZWtGYVdXVG1Qa3U1c3hZK0pwcmxnRmR2QS9CRDF1RzJGdUhvYXpEb1cvdDJJMUh1S1NTTUVKVTJuZkRpSmJqekF6VklrZGxvVjFxTkpTdWI3NWFoTVRuc2ZRcndUWmhqZkpGT1Z5Vy94UmpzMWVDRjlGRmxURDJnQ3crWHJVdEp4L0NabGtIbWF3NTlHaVkyWEpxU3VlS0htcXhReURDTlh5WHdYTkZjc1JCVFcrUHVkOTgxalVNaEdtMGJwNkRGYTR3Vi8xVUIvbFNYblEvQT09',1515232054755),('YmJEODloZWtGYVdXVG1Qa3U1c3hZK0pwcmxnRmR2QS9CRDF1RzJGdUhvYXpEb1cvdDJJMUh1S1NTTUVKVTJuZkRpSmJqekF6VklrZGxvVjFxTkpTdVQreHZ3dXhrbUVsZDJrbkNOWUxDd3V4Q1VCQ1hBY3p4RW91Y3Zzb0xXSFJxQ1V5ekp2VlFmQzVDOSs1QkVTU1g1bmRzWkh0SExrOFVSZFp4Slc4RTJBd3BMSmhYMnNaWm1ueTBNWEs3UEZrTVVBTmJVWHlqcC9MRUZPWDBudGtNdz09',1515236851473),('YmJEODloZWtGYVdXVG1Qa3U1c3hZK0pwcmxnRmR2QS9CRDF1RzJGdUhvYXpEb1cvdDJJMUh1S1NTTUVKVTJuZkRpSmJqekF6VklrZGxvVjFxTkpTdVRpMmEwajhodHRKQkZMOUtFUlJNSDJCeWtWNzQyZEp4QjBKN2gybThTd3lJUWJIMkljWXJNRThsdXJvc1M2VndRaFhKaFU1Ym4xczJkTkZZcklZQnUvUGRCeVBNMHJCYzRlbTNxVUsvMWZzY0NMbkNTYkpLYVN6WS93OWNudm9Pdz09',1515243441863);
/*!40000 ALTER TABLE `jwt` ENABLE KEYS */;
UNLOCK TABLES;

--
-- Table structure for table `master_diagnostic_test_params`
--

DROP TABLE IF EXISTS `master_diagnostic_test_params`;
/*!40101 SET @saved_cs_client     = @@character_set_client */;
/*!40101 SET character_set_client = utf8 */;
CREATE TABLE `master_diagnostic_test_params` (
  `id` int(11) NOT NULL AUTO_INCREMENT,
  `diagnostic_test_id` int(11) NOT NULL,
  `name` varchar(100) NOT NULL,
  `description` varchar(500) DEFAULT NULL,
  `healthy_range` varchar(200) DEFAULT NULL,
  `measurement_unit_id` int(11) NOT NULL DEFAULT '0',
  `input_type_id` int(11) NOT NULL,
  `list_values` varchar(500) DEFAULT NULL,
  `default_value` varchar(45) DEFAULT NULL,
  `created_at` varchar(13) DEFAULT NULL,
  `updated_at` varchar(13) DEFAULT NULL,
  `is_active` tinyint(4) NOT NULL DEFAULT '1',
  PRIMARY KEY (`id`)
) ENGINE=InnoDB AUTO_INCREMENT=7 DEFAULT CHARSET=latin1;
/*!40101 SET character_set_client = @saved_cs_client */;

--
-- Dumping data for table `master_diagnostic_test_params`
--

LOCK TABLES `master_diagnostic_test_params` WRITE;
/*!40000 ALTER TABLE `master_diagnostic_test_params` DISABLE KEYS */;
INSERT INTO `master_diagnostic_test_params` VALUES (1,1,'Albumin/Globulin ratio',NULL,NULL,1,1,NULL,NULL,'1512792040000','1512792150000',1),(2,1,'Bilirubin',NULL,NULL,1,1,NULL,NULL,'1512792150000','1512792150000',1),(3,2,'Alkaline phosphatase',NULL,NULL,3,1,NULL,NULL,'1513966678000','1513966678000',1),(4,2,'AST (aspartate aminotransferase)',NULL,NULL,3,1,NULL,NULL,'1513966901000','1513966901000',1),(5,2,'Fasting glucose (blood sugar)','Blood sugar levels can be affected by food or beverages you have ingested recently, your current stress levels, medications you may be taking, and the time of day. The fasting blood sugar test is done after at least 6 hours without food or drink other than water.','70 to 99 mg/dL for the average adult (the elderly tend to score higher even when they are healthy)',7,3,'a,b,c,d',NULL,'1514012212000','1514012212000',1),(6,2,'A/G ratio (albumin/globulin ratio) or total protein test','There are two types of protein your blood — albumin (see above) and globulin. The A/G ratio test compares levels of these proteins with one another. Elevated protein levels could indicate a health condition in need of attention.','a bit over 1, favoring albumin',9,2,NULL,NULL,'1514643872000','1514643872000',1);
/*!40000 ALTER TABLE `master_diagnostic_test_params` ENABLE KEYS */;
UNLOCK TABLES;

--
-- Table structure for table `master_diagnostic_tests`
--

DROP TABLE IF EXISTS `master_diagnostic_tests`;
/*!40101 SET @saved_cs_client     = @@character_set_client */;
/*!40101 SET character_set_client = utf8 */;
CREATE TABLE `master_diagnostic_tests` (
  `id` int(11) NOT NULL AUTO_INCREMENT,
  `category_id` int(11) NOT NULL,
  `name` varchar(150) NOT NULL,
  `specimen` varchar(100) DEFAULT NULL,
  `description` varchar(300) DEFAULT NULL,
  `created_at` varchar(13) DEFAULT NULL,
  `updated_at` varchar(13) DEFAULT NULL,
  `is_active` tinyint(4) NOT NULL DEFAULT '1',
  PRIMARY KEY (`id`)
) ENGINE=InnoDB AUTO_INCREMENT=3 DEFAULT CHARSET=latin1;
/*!40101 SET character_set_client = @saved_cs_client */;

--
-- Dumping data for table `master_diagnostic_tests`
--

LOCK TABLES `master_diagnostic_tests` WRITE;
/*!40000 ALTER TABLE `master_diagnostic_tests` DISABLE KEYS */;
INSERT INTO `master_diagnostic_tests` VALUES (1,1,'Sugar Fasting','3 mL Blood','A blood glucose test measures the amount of glucose in your blood. Glucose, a type of simple sugar, is your body’s main source of energy. Your body converts the carbohydrates you eat into glucose.','1512809012568','1512809012568',1),(2,1,'Gall Stone Analysis','Stone in Screw capped container','Gall Strones are formed due to underluing conditions causing hypercholersterolemia, chinic hemolutic disease and due to complications like cholecystitis. Gall stoner are more common in women over the age of 40 years.','1514641479347','1514641479347',1);
/*!40000 ALTER TABLE `master_diagnostic_tests` ENABLE KEYS */;
UNLOCK TABLES;

--
-- Table structure for table `measurement_units`
--

DROP TABLE IF EXISTS `measurement_units`;
/*!40101 SET @saved_cs_client     = @@character_set_client */;
/*!40101 SET character_set_client = utf8 */;
CREATE TABLE `measurement_units` (
  `id` int(11) NOT NULL AUTO_INCREMENT,
  `description` varchar(100) NOT NULL,
  `short_form` varchar(45) NOT NULL,
  `created_at` varchar(13) NOT NULL,
  `updated_at` varchar(13) NOT NULL,
  `is_active` int(11) NOT NULL DEFAULT '1',
  PRIMARY KEY (`id`)
) ENGINE=InnoDB AUTO_INCREMENT=10 DEFAULT CHARSET=latin1;
/*!40101 SET character_set_client = @saved_cs_client */;

--
-- Dumping data for table `measurement_units`
--

LOCK TABLES `measurement_units` WRITE;
/*!40000 ALTER TABLE `measurement_units` DISABLE KEYS */;
INSERT INTO `measurement_units` VALUES (1,'Cells Per Cubic Millimeter','cmm','1512927097353','1512927097353',1),(3,'International Units Per Liter','IU/L','1513560893000','1513560893000',1),(4,'Milliequivalent Per Liter','mEq/L','1513874343000','1513874343000',1),(5,'Millimoles Per Liter','mmol/L','1513874802000','1513874802000',1),(6,'Nanograms Per Milliliter','ng/mL','1513874883000','1513874883000',1),(7,'Miligrams Per Deciliter','mg/dL','1513875020000','1513875020000',1),(8,'Mililiter','mL','1514012472000','1514012472000',1),(9,'grams Per Deciliter','g/dL','1514643725000','1514643725000',1);
/*!40000 ALTER TABLE `measurement_units` ENABLE KEYS */;
UNLOCK TABLES;

--
-- Table structure for table `menu_access_by_roles`
--

DROP TABLE IF EXISTS `menu_access_by_roles`;
/*!40101 SET @saved_cs_client     = @@character_set_client */;
/*!40101 SET character_set_client = utf8 */;
CREATE TABLE `menu_access_by_roles` (
  `id` int(11) NOT NULL AUTO_INCREMENT,
  `menu_id` int(11) DEFAULT NULL,
  `role_id` int(11) DEFAULT NULL,
  `created_at` datetime DEFAULT NULL,
  `updated_at` datetime DEFAULT NULL,
  `is_active` tinyint(4) DEFAULT '1',
  PRIMARY KEY (`id`)
) ENGINE=InnoDB AUTO_INCREMENT=21 DEFAULT CHARSET=latin1;
/*!40101 SET character_set_client = @saved_cs_client */;

--
-- Dumping data for table `menu_access_by_roles`
--

LOCK TABLES `menu_access_by_roles` WRITE;
/*!40000 ALTER TABLE `menu_access_by_roles` DISABLE KEYS */;
INSERT INTO `menu_access_by_roles` VALUES (1,1,2,NULL,NULL,1),(2,1,4,NULL,NULL,1),(3,2,2,NULL,NULL,1),(4,2,4,NULL,NULL,1),(5,3,2,NULL,NULL,1),(6,4,1,NULL,NULL,1),(7,4,2,NULL,NULL,1),(8,4,3,NULL,NULL,1),(9,4,4,NULL,NULL,1),(10,5,1,NULL,NULL,1),(11,6,1,NULL,NULL,1),(12,7,1,NULL,NULL,1),(13,5,3,NULL,NULL,1),(14,6,3,NULL,NULL,1),(15,7,3,NULL,NULL,1),(16,5,4,NULL,NULL,1),(17,6,4,NULL,NULL,1),(18,7,4,NULL,NULL,1),(19,8,5,NULL,NULL,1),(20,9,5,NULL,NULL,1);
/*!40000 ALTER TABLE `menu_access_by_roles` ENABLE KEYS */;
UNLOCK TABLES;

--
-- Table structure for table `menus`
--

DROP TABLE IF EXISTS `menus`;
/*!40101 SET @saved_cs_client     = @@character_set_client */;
/*!40101 SET character_set_client = utf8 */;
CREATE TABLE `menus` (
  `id` int(11) NOT NULL AUTO_INCREMENT,
  `name` varchar(100) DEFAULT NULL,
  `url` varchar(100) DEFAULT NULL,
  `parent_id` varchar(45) DEFAULT NULL,
  `sequence` tinyint(4) DEFAULT '0',
  `created_at` datetime DEFAULT NULL,
  `updated_at` datetime DEFAULT NULL,
  `is_active` tinyint(4) DEFAULT '1',
  PRIMARY KEY (`id`)
) ENGINE=InnoDB AUTO_INCREMENT=10 DEFAULT CHARSET=latin1;
/*!40101 SET character_set_client = @saved_cs_client */;

--
-- Dumping data for table `menus`
--

LOCK TABLES `menus` WRITE;
/*!40000 ALTER TABLE `menus` DISABLE KEYS */;
INSERT INTO `menus` VALUES (1,'Bookings','#','0',1,NULL,NULL,1),(2,'View Bookings','/Booking','1',1,NULL,NULL,1),(3,'New Booking','/Booking/create','1',2,NULL,NULL,1),(4,'Profile','/Profile','0',3,NULL,NULL,1),(5,'Diagnostic Tests','/DiagnosticTest','0',2,NULL,NULL,1),(6,'View Diagnostic Tests','/DiagnosticTest','5',1,NULL,NULL,1),(7,'Add New','/DiagnosticTest/MasterDiagnosticTests','5',2,NULL,NULL,1),(8,'Master Diagnostic Tests','/MasterDiagnosticTests','0',0,NULL,NULL,1),(9,'Master Data','/MasterData','0',1,NULL,NULL,1);
/*!40000 ALTER TABLE `menus` ENABLE KEYS */;
UNLOCK TABLES;

--
-- Table structure for table `org_diagnostic_tests`
--

DROP TABLE IF EXISTS `org_diagnostic_tests`;
/*!40101 SET @saved_cs_client     = @@character_set_client */;
/*!40101 SET character_set_client = utf8 */;
CREATE TABLE `org_diagnostic_tests` (
  `id` int(11) NOT NULL AUTO_INCREMENT,
  `org_id` int(11) NOT NULL,
  `master_diagnostic_test_id` int(11) NOT NULL,
  `cost` int(11) NOT NULL,
  `created_at` varchar(13) NOT NULL,
  `updated_at` varchar(13) NOT NULL,
  `is_active` int(11) NOT NULL DEFAULT '1',
  PRIMARY KEY (`id`)
) ENGINE=InnoDB AUTO_INCREMENT=6 DEFAULT CHARSET=latin1;
/*!40101 SET character_set_client = @saved_cs_client */;

--
-- Dumping data for table `org_diagnostic_tests`
--

LOCK TABLES `org_diagnostic_tests` WRITE;
/*!40000 ALTER TABLE `org_diagnostic_tests` DISABLE KEYS */;
INSERT INTO `org_diagnostic_tests` VALUES (1,2,1,300,'1515206391504','1515206391504',1),(3,2,2,340,'1515239619000','1515239619000',1),(4,2,2,3200,'1515239662000','1515239662000',1),(5,2,2,3200,'1515239677000','1515239677000',1);
/*!40000 ALTER TABLE `org_diagnostic_tests` ENABLE KEYS */;
UNLOCK TABLES;

--
-- Table structure for table `organizations`
--

DROP TABLE IF EXISTS `organizations`;
/*!40101 SET @saved_cs_client     = @@character_set_client */;
/*!40101 SET character_set_client = utf8 */;
CREATE TABLE `organizations` (
  `organization_id` int(11) NOT NULL AUTO_INCREMENT,
  `name` varchar(100) NOT NULL,
  `description` varchar(1000) NOT NULL,
  `address` varchar(45) DEFAULT NULL,
  `country_id` int(11) DEFAULT NULL,
  `city_id` varchar(45) DEFAULT NULL,
  `state_id` varchar(45) DEFAULT NULL,
  `pincode` varchar(45) DEFAULT NULL,
  `latitude` varchar(45) DEFAULT NULL,
  `longitude` varchar(45) DEFAULT NULL,
  `logo` varchar(150) DEFAULT NULL,
  `phone` varchar(13) DEFAULT NULL,
  `website` varchar(45) DEFAULT NULL,
  `created_at` varchar(13) DEFAULT NULL,
  `updated_at` varchar(13) DEFAULT NULL,
  `status` int(11) DEFAULT NULL,
  `is_active` int(11) NOT NULL DEFAULT '1',
  PRIMARY KEY (`organization_id`)
) ENGINE=InnoDB AUTO_INCREMENT=28 DEFAULT CHARSET=latin1;
/*!40101 SET character_set_client = @saved_cs_client */;

--
-- Dumping data for table `organizations`
--

LOCK TABLES `organizations` WRITE;
/*!40000 ALTER TABLE `organizations` DISABLE KEYS */;
INSERT INTO `organizations` VALUES (1,'Superadmin','Admin of All Admins',NULL,NULL,NULL,NULL,NULL,NULL,NULL,NULL,NULL,NULL,'1514014845833','1514014845833',7,1),(2,'RB Diagnostic Center','We were incorporated in 2010 with a vision of redefining medical diagnosis. Today we stand as the fastest growing diagnostic center of North Kolkata because of the love and trust of the community. Our medical equipments are always the latest and the best in the industry. We participate in international medical seminars to keep up with the everchanging technology. We hope to continue living with our strong service commitment for the society. ',NULL,NULL,NULL,NULL,NULL,NULL,NULL,NULL,NULL,NULL,'1514014845833','1514014845833',7,1),(26,'Suraksha','this is a org','some address',1,'1','1','700065',NULL,NULL,NULL,NULL,NULL,'1514102031000','1514102031000',12,1),(27,'kjhkjhkjh','kjhkjhkjhj','hkjhj',1,'1','1','700065',NULL,NULL,NULL,NULL,NULL,'1514102226000','1514102226000',11,1);
/*!40000 ALTER TABLE `organizations` ENABLE KEYS */;
UNLOCK TABLES;

--
-- Table structure for table `permissions`
--

DROP TABLE IF EXISTS `permissions`;
/*!40101 SET @saved_cs_client     = @@character_set_client */;
/*!40101 SET character_set_client = utf8 */;
CREATE TABLE `permissions` (
  `permission_id` int(11) NOT NULL AUTO_INCREMENT,
  `permission_description` varchar(50) NOT NULL,
  `restrict` varchar(45) DEFAULT NULL,
  PRIMARY KEY (`permission_id`)
) ENGINE=InnoDB AUTO_INCREMENT=27 DEFAULT CHARSET=latin1;
/*!40101 SET character_set_client = @saved_cs_client */;

--
-- Dumping data for table `permissions`
--

LOCK TABLES `permissions` WRITE;
/*!40000 ALTER TABLE `permissions` DISABLE KEYS */;
INSERT INTO `permissions` VALUES (1,'diagnostictest_create',''),(2,'diagnostictest_read','org_id'),(3,'diagnostictest_read',NULL),(4,'diagnostictest_update','org_id'),(5,'diagnostictest_delete','org_id'),(6,'diagnostictest_delete',''),(8,'booking_read','org_id'),(9,'booking_create',''),(10,'booking_update',NULL),(11,'report_create',NULL),(12,'report_update','org_id'),(13,'bookingdetail_update',NULL),(14,'user_read','org_id'),(15,'user_read',NULL),(16,'bookingdetail_read',NULL),(17,'masterdiagnostictest_create',NULL),(18,'masterdiagnostictest_read',NULL),(19,'MasterDiagnosticTestReportParams_read',NULL),(20,'MasterDiagnosticTestReportParams_create',NULL),(21,'MasterDiagnosticTestCategories_read',NULL),(22,'MasterDiagnosticTestCategories_create',NULL),(23,'MeasurementUnits_read',NULL),(24,'MeasurementUnits_create',NULL),(25,'Organization_read',NULL),(26,'Category_read',NULL);
/*!40000 ALTER TABLE `permissions` ENABLE KEYS */;
UNLOCK TABLES;

--
-- Table structure for table `role`
--

DROP TABLE IF EXISTS `role`;
/*!40101 SET @saved_cs_client     = @@character_set_client */;
/*!40101 SET character_set_client = utf8 */;
CREATE TABLE `role` (
  `role_id` int(11) NOT NULL AUTO_INCREMENT,
  `role_name` varchar(50) NOT NULL,
  `role_description` varchar(50) NOT NULL,
  PRIMARY KEY (`role_id`)
) ENGINE=InnoDB AUTO_INCREMENT=7 DEFAULT CHARSET=latin1;
/*!40101 SET character_set_client = @saved_cs_client */;

--
-- Dumping data for table `role`
--

LOCK TABLES `role` WRITE;
/*!40000 ALTER TABLE `role` DISABLE KEYS */;
INSERT INTO `role` VALUES (1,'doctor','Report generation'),(2,'reception','Create, Read, Update Bookings'),(3,'pathologists','Pathologists'),(4,'manager','delegates all work to pathologists and doctors'),(5,'Superadmin','Admin of Admin(s)'),(6,'admin','Administrator of Organization');
/*!40000 ALTER TABLE `role` ENABLE KEYS */;
UNLOCK TABLES;

--
-- Table structure for table `role_permissions`
--

DROP TABLE IF EXISTS `role_permissions`;
/*!40101 SET @saved_cs_client     = @@character_set_client */;
/*!40101 SET character_set_client = utf8 */;
CREATE TABLE `role_permissions` (
  `role_permission_id` int(11) NOT NULL AUTO_INCREMENT,
  `role_id` int(11) NOT NULL,
  `permission_id` int(11) NOT NULL,
  PRIMARY KEY (`role_permission_id`),
  KEY `role_id` (`role_id`),
  KEY `permission_id` (`permission_id`),
  CONSTRAINT `role_permissions_ibfk_1` FOREIGN KEY (`role_id`) REFERENCES `role` (`role_id`),
  CONSTRAINT `role_permissions_ibfk_2` FOREIGN KEY (`permission_id`) REFERENCES `permissions` (`permission_id`)
) ENGINE=InnoDB AUTO_INCREMENT=24 DEFAULT CHARSET=latin1;
/*!40101 SET character_set_client = @saved_cs_client */;

--
-- Dumping data for table `role_permissions`
--

LOCK TABLES `role_permissions` WRITE;
/*!40000 ALTER TABLE `role_permissions` DISABLE KEYS */;
INSERT INTO `role_permissions` VALUES (1,1,2),(2,1,4),(3,1,8),(4,1,11),(5,1,12),(6,2,9),(7,2,10),(8,2,2),(9,4,14),(10,4,13),(11,1,16),(12,5,17),(13,5,18),(14,5,19),(15,5,20),(16,5,21),(17,5,22),(18,5,23),(19,5,24),(20,5,25),(21,5,26),(22,1,18),(23,1,1);
/*!40000 ALTER TABLE `role_permissions` ENABLE KEYS */;
UNLOCK TABLES;

--
-- Table structure for table `states`
--

DROP TABLE IF EXISTS `states`;
/*!40101 SET @saved_cs_client     = @@character_set_client */;
/*!40101 SET character_set_client = utf8 */;
CREATE TABLE `states` (
  `id` int(11) NOT NULL AUTO_INCREMENT,
  `name` varchar(45) NOT NULL,
  `country_id` int(11) NOT NULL,
  PRIMARY KEY (`id`)
) ENGINE=InnoDB AUTO_INCREMENT=2 DEFAULT CHARSET=latin1;
/*!40101 SET character_set_client = @saved_cs_client */;

--
-- Dumping data for table `states`
--

LOCK TABLES `states` WRITE;
/*!40000 ALTER TABLE `states` DISABLE KEYS */;
INSERT INTO `states` VALUES (1,'West Bengal',1);
/*!40000 ALTER TABLE `states` ENABLE KEYS */;
UNLOCK TABLES;

--
-- Table structure for table `status`
--

DROP TABLE IF EXISTS `status`;
/*!40101 SET @saved_cs_client     = @@character_set_client */;
/*!40101 SET character_set_client = utf8 */;
CREATE TABLE `status` (
  `status_id` int(11) NOT NULL AUTO_INCREMENT,
  `name` varchar(45) NOT NULL,
  PRIMARY KEY (`status_id`)
) ENGINE=InnoDB AUTO_INCREMENT=13 DEFAULT CHARSET=latin1;
/*!40101 SET character_set_client = @saved_cs_client */;

--
-- Dumping data for table `status`
--

LOCK TABLES `status` WRITE;
/*!40000 ALTER TABLE `status` DISABLE KEYS */;
INSERT INTO `status` VALUES (1,'Pending'),(2,'Sample Collection Pending'),(3,'Sample Collection Completed'),(4,'Lab Analysis In Progress'),(5,'Lab Analysis Completed'),(6,'Approval Pending'),(7,'Approved'),(8,'Rejected'),(9,'Payment Pending'),(10,'Completed'),(11,'Draft'),(12,'Submitted');
/*!40000 ALTER TABLE `status` ENABLE KEYS */;
UNLOCK TABLES;

--
-- Table structure for table `user_role`
--

DROP TABLE IF EXISTS `user_role`;
/*!40101 SET @saved_cs_client     = @@character_set_client */;
/*!40101 SET character_set_client = utf8 */;
CREATE TABLE `user_role` (
  `user_id` int(11) NOT NULL,
  `role_id` int(11) NOT NULL,
  KEY `role_id` (`role_id`),
  KEY `user_role_ibfk_1_idx` (`user_id`),
  CONSTRAINT `user_role_ibfk_1` FOREIGN KEY (`user_id`) REFERENCES `users` (`user_id`),
  CONSTRAINT `user_role_ibfk_2` FOREIGN KEY (`role_id`) REFERENCES `role` (`role_id`)
) ENGINE=InnoDB DEFAULT CHARSET=latin1;
/*!40101 SET character_set_client = @saved_cs_client */;

--
-- Dumping data for table `user_role`
--

LOCK TABLES `user_role` WRITE;
/*!40000 ALTER TABLE `user_role` DISABLE KEYS */;
INSERT INTO `user_role` VALUES (1,1),(1,2),(1,4),(1,3),(2,1),(2,2),(2,3),(2,4),(2,5);
/*!40000 ALTER TABLE `user_role` ENABLE KEYS */;
UNLOCK TABLES;

--
-- Table structure for table `users`
--

DROP TABLE IF EXISTS `users`;
/*!40101 SET @saved_cs_client     = @@character_set_client */;
/*!40101 SET character_set_client = utf8 */;
CREATE TABLE `users` (
  `user_id` int(11) NOT NULL AUTO_INCREMENT,
  `firstname` varchar(100) DEFAULT NULL,
  `lastname` varchar(100) DEFAULT NULL,
  `phone` varchar(11) DEFAULT NULL,
  `email` varchar(60) DEFAULT NULL,
  `password` varchar(80) DEFAULT NULL,
  `gender` varchar(6) DEFAULT NULL,
  `address` varchar(500) DEFAULT NULL,
  `pincode` int(11) DEFAULT NULL,
  `city` varchar(45) DEFAULT NULL,
  `state` varchar(45) DEFAULT NULL,
  `created_at` datetime NOT NULL,
  `updated_at` datetime NOT NULL,
  `is_active` tinyint(4) NOT NULL DEFAULT '1',
  `is_first_login` varchar(1) NOT NULL,
  `org_id` int(11) NOT NULL,
  PRIMARY KEY (`user_id`),
  UNIQUE KEY `phone_UNIQUE` (`phone`),
  UNIQUE KEY `email_UNIQUE` (`email`)
) ENGINE=InnoDB AUTO_INCREMENT=3 DEFAULT CHARSET=latin1;
/*!40101 SET character_set_client = @saved_cs_client */;

--
-- Dumping data for table `users`
--

LOCK TABLES `users` WRITE;
/*!40000 ALTER TABLE `users` DISABLE KEYS */;
INSERT INTO `users` VALUES (1,'Siddhartha','Murari','9674544035','sid@mail.com','1','MALE','283, Janapath, West Durganagar, North Dum Dum',700065,'Kolkata','West Bengal','2017-10-19 23:39:00','2017-10-19 23:39:00',1,'N',2),(2,'Super','Admin','8961112533','admin@mail.com','1','MALE','',700065,'Kolkata','West Bengal','2017-10-19 23:39:00','2017-10-19 23:39:00',1,'N',1);
/*!40000 ALTER TABLE `users` ENABLE KEYS */;
UNLOCK TABLES;
/*!40103 SET TIME_ZONE=@OLD_TIME_ZONE */;

/*!40101 SET SQL_MODE=@OLD_SQL_MODE */;
/*!40014 SET FOREIGN_KEY_CHECKS=@OLD_FOREIGN_KEY_CHECKS */;
/*!40014 SET UNIQUE_CHECKS=@OLD_UNIQUE_CHECKS */;
/*!40101 SET CHARACTER_SET_CLIENT=@OLD_CHARACTER_SET_CLIENT */;
/*!40101 SET CHARACTER_SET_RESULTS=@OLD_CHARACTER_SET_RESULTS */;
/*!40101 SET COLLATION_CONNECTION=@OLD_COLLATION_CONNECTION */;
/*!40111 SET SQL_NOTES=@OLD_SQL_NOTES */;

-- Dump completed on 2018-01-06 17:43:41
