-- phpMyAdmin SQL Dump
-- version 4.5.4.1deb2ubuntu2
-- http://www.phpmyadmin.net
--
-- Host: localhost
-- Generation Time: Jan 21, 2018 at 02:52 PM
-- Server version: 5.7.20-0ubuntu0.16.04.1
-- PHP Version: 5.6.31-1~ubuntu16.04.1+deb.sury.org+1

SET SQL_MODE = "NO_AUTO_VALUE_ON_ZERO";
SET time_zone = "+00:00";


/*!40101 SET @OLD_CHARACTER_SET_CLIENT=@@CHARACTER_SET_CLIENT */;
/*!40101 SET @OLD_CHARACTER_SET_RESULTS=@@CHARACTER_SET_RESULTS */;
/*!40101 SET @OLD_COLLATION_CONNECTION=@@COLLATION_CONNECTION */;
/*!40101 SET NAMES utf8mb4 */;

--
-- Database: `lignio_db`
--

-- --------------------------------------------------------

--
-- Table structure for table `bookings`
--

CREATE TABLE `bookings` (
  `id` int(11) NOT NULL,
  `end_user_id` int(11) NOT NULL,
  `org_id` int(11) NOT NULL,
  `booking_creator_id` int(11) NOT NULL,
  `booking_type` varchar(7) NOT NULL,
  `paid_amount` int(11) NOT NULL,
  `expected_report_delivery_date` varchar(13) NOT NULL,
  `actual_report_delivery_date` varchar(13) NOT NULL,
  `status` int(11) NOT NULL,
  `created_at` varchar(13) NOT NULL,
  `updated_at` varchar(13) NOT NULL,
  `is_active` int(11) NOT NULL DEFAULT '1'
) ENGINE=InnoDB DEFAULT CHARSET=latin1;

--
-- Dumping data for table `bookings`
--

INSERT INTO `bookings` (`id`, `end_user_id`, `org_id`, `booking_creator_id`, `booking_type`, `paid_amount`, `expected_report_delivery_date`, `actual_report_delivery_date`, `status`, `created_at`, `updated_at`, `is_active`) VALUES
(1, 1, 2, 1, 'Offline', 200, '', '', 5, '1516447562416', '1516447562416', 1);

-- --------------------------------------------------------

--
-- Table structure for table `booking_details`
--

CREATE TABLE `booking_details` (
  `id` int(11) NOT NULL,
  `booking_id` int(11) NOT NULL,
  `diagnostic_test_id` int(11) NOT NULL,
  `status` int(11) NOT NULL DEFAULT '1',
  `created_at` varchar(13) NOT NULL,
  `updated_at` varchar(13) NOT NULL,
  `is_active` int(11) NOT NULL DEFAULT '1'
) ENGINE=InnoDB DEFAULT CHARSET=latin1;

--
-- Dumping data for table `booking_details`
--

INSERT INTO `booking_details` (`id`, `booking_id`, `diagnostic_test_id`, `status`, `created_at`, `updated_at`, `is_active`) VALUES
(1, 1, 1, 10, '1516447562416', '1516447562416', 1);

-- --------------------------------------------------------

--
-- Table structure for table `cities`
--

CREATE TABLE `cities` (
  `id` int(11) NOT NULL,
  `name` varchar(45) NOT NULL,
  `state_id` int(11) DEFAULT NULL
) ENGINE=InnoDB DEFAULT CHARSET=latin1;

--
-- Dumping data for table `cities`
--

INSERT INTO `cities` (`id`, `name`, `state_id`) VALUES
(1, 'Kolkata', 1),
(2, 'Howrah', 1),
(3, 'Haldia', 1),
(4, 'Durgapur', 1);

-- --------------------------------------------------------

--
-- Table structure for table `countries`
--

CREATE TABLE `countries` (
  `id` int(11) NOT NULL,
  `name` varchar(45) NOT NULL
) ENGINE=InnoDB DEFAULT CHARSET=latin1;

--
-- Dumping data for table `countries`
--

INSERT INTO `countries` (`id`, `name`) VALUES
(1, 'India');

-- --------------------------------------------------------

--
-- Table structure for table `diagnostic_test_categories`
--

CREATE TABLE `diagnostic_test_categories` (
  `id` int(11) NOT NULL,
  `name` varchar(100) NOT NULL,
  `created_at` varchar(13) NOT NULL,
  `updated_at` varchar(13) NOT NULL,
  `is_active` tinyint(4) NOT NULL DEFAULT '1'
) ENGINE=InnoDB DEFAULT CHARSET=latin1;

--
-- Dumping data for table `diagnostic_test_categories`
--

INSERT INTO `diagnostic_test_categories` (`id`, `name`, `created_at`, `updated_at`, `is_active`) VALUES
(1, 'Pathological Tests', '1512806138121', '1512806138121', 1),
(2, 'Radiology', '1512807022000', '1512807022000', 1);

-- --------------------------------------------------------

--
-- Table structure for table `diagnostic_test_results`
--

CREATE TABLE `diagnostic_test_results` (
  `id` int(11) NOT NULL,
  `booking_id` int(11) NOT NULL,
  `test_param_id` int(11) NOT NULL,
  `value` varchar(45) NOT NULL,
  `created_at` varchar(13) NOT NULL,
  `updated_at` varchar(13) NOT NULL,
  `is_alarming` int(11) NOT NULL
) ENGINE=InnoDB DEFAULT CHARSET=latin1;

--
-- Dumping data for table `diagnostic_test_results`
--

INSERT INTO `diagnostic_test_results` (`id`, `booking_id`, `test_param_id`, `value`, `created_at`, `updated_at`, `is_alarming`) VALUES
(1, 1, 1, '20', '1516447562416', '1516447562416', 0),
(2, 1, 2, '13', '1516447562416', '1516447562416', 0);

-- --------------------------------------------------------

--
-- Table structure for table `end_users`
--

CREATE TABLE `end_users` (
  `id` int(11) NOT NULL,
  `firstname` varchar(45) DEFAULT NULL,
  `middlename` varchar(45) DEFAULT NULL,
  `lastname` varchar(45) DEFAULT NULL,
  `email` varchar(45) DEFAULT NULL,
  `phone` varchar(45) NOT NULL,
  `password` varchar(60) NOT NULL,
  `gender` varchar(45) DEFAULT NULL,
  `address` varchar(45) DEFAULT NULL,
  `pincode` varchar(45) DEFAULT NULL,
  `city` varchar(45) DEFAULT NULL,
  `state` varchar(45) DEFAULT NULL,
  `created_at` datetime DEFAULT NULL,
  `updated_at` datetime DEFAULT NULL,
  `is_first_login` char(1) DEFAULT 'Y',
  `is_active` int(11) DEFAULT '1'
) ENGINE=InnoDB DEFAULT CHARSET=latin1;

--
-- Dumping data for table `end_users`
--

INSERT INTO `end_users` (`id`, `firstname`, `middlename`, `lastname`, `email`, `phone`, `password`, `gender`, `address`, `pincode`, `city`, `state`, `created_at`, `updated_at`, `is_first_login`, `is_active`) VALUES
(1, 'Arya', NULL, 'Murari', NULL, '8961112533', '', NULL, NULL, NULL, NULL, NULL, '2017-11-04 12:13:38', '2017-11-04 12:13:38', 'Y', 1),
(2, 'Sourav', NULL, 'Basu', NULL, '9674503228', '', NULL, NULL, NULL, NULL, NULL, '2017-11-11 18:59:36', '2017-11-11 18:59:36', 'Y', 1),
(3, 'qwqs', NULL, 'esds', NULL, '2323', '', NULL, NULL, NULL, NULL, NULL, '0000-00-00 00:00:00', '0000-00-00 00:00:00', 'Y', 1);

-- --------------------------------------------------------

--
-- Table structure for table `form_input_types`
--

CREATE TABLE `form_input_types` (
  `id` int(11) NOT NULL,
  `name` varchar(45) DEFAULT NULL,
  `created_at` datetime DEFAULT NULL,
  `updated_at` datetime DEFAULT NULL,
  `is_active` tinyint(4) DEFAULT '1'
) ENGINE=InnoDB DEFAULT CHARSET=latin1;

--
-- Dumping data for table `form_input_types`
--

INSERT INTO `form_input_types` (`id`, `name`, `created_at`, `updated_at`, `is_active`) VALUES
(1, 'Text Box', '2017-12-08 00:00:00', '2017-12-08 00:00:00', 1),
(2, 'Textarea', '2017-12-08 00:00:00', '2017-12-08 00:00:00', 1),
(3, 'Dropdown', '2017-12-08 00:00:00', '2017-12-08 00:00:00', 1),
(4, 'Radion Button', '2017-12-08 00:00:00', '2017-12-08 00:00:00', 1),
(5, 'Checkbox', '2017-12-08 00:00:00', '2017-12-08 00:00:00', 1);

-- --------------------------------------------------------

--
-- Table structure for table `jwt`
--

CREATE TABLE `jwt` (
  `token` longtext NOT NULL,
  `expiry` bigint(20) DEFAULT NULL
) ENGINE=InnoDB DEFAULT CHARSET=latin1;

--
-- Dumping data for table `jwt`
--

INSERT INTO `jwt` (`token`, `expiry`) VALUES
('YmJEODloZWtGYVdXVG1Qa3U1c3hZNE9IalEwcUcySTViRnRaMEhHR2EvbVAxQkM2QzhxT1QxbVBRcGFaQkk4UVRhdGhVd3NlaHJkbTIrWmNaTmdKQy8xbTJOSXpBU1RzTG93RzRkdzd3NjMzbCtQNklTbVU0bXlWZFRXbW16aHJoVHRReTRhbkpRRTRkRnprcjBPSmJVeThhRDdTbzgvSFpRWUZ4ckRBWWdFPQ==', 1507947592208),
('YmJEODloZWtGYVdXVG1Qa3U1c3hZNE9IalEwcUcySTViRnRaMEhHR2EvbVAxQkM2QzhxT1QxbVBRcGFaQkk4UVRhdGhVd3NlaHJkbTIrWmNaTmdKQy8xbTJOSXpBU1RzTG93RzRkdzd3NjBIOENJVmhhUWR5QzhBQVlPaWQvcjFEbjZxT3k5Y1Zja1REUGJ3SmNDNXRmUDlnL1RNNVY0TEREK2NXUE9MNWxVPQ==', 1507951542979),
('YmJEODloZWtGYVdXVG1Qa3U1c3hZNE9IalEwcUcySTViRnRaMEhHR2EvbVAxQkM2QzhxT1QxbVBRcGFaQkk4UVRhdGhVd3NlaHJkbTIrWmNaTmdKQy8xbTJOSXpBU1RzTG93RzRkdzd3NjBveEdEWTV4dFROdWhxTk1YWk51aDVWR3J5WG85LzRGVnZVR3gxcWN5TjZwR3NlQ2FxeVlpNkJTWHA2aHVoWXhFPQ==', 1507953303770),
('YmJEODloZWtGYVdXVG1Qa3U1c3hZNE9IalEwcUcySTViRnRaMEhHR2EvbVAxQkM2QzhxT1QxbVBRcGFaQkk4UVRhdGhVd3NlaHJkbTIrWmNaTmdKQy8xbTJOSXpBU1RzTG93RzRkdzd3NjJ1bjhkRlMxeWF5OUEyODdXM3F6NlduNTlFNmd3b2dGZlBBMUQ0aHJ4L2kyUmFkK3AyVjNNYjdwMTgwaHBDNjdNPQ==', 1507992730792),
('YmJEODloZWtGYVdXVG1Qa3U1c3hZNE9IalEwcUcySTViRnRaMEhHR2EvbVAxQkM2QzhxT1QxbVBRcGFaQkk4UVRhdGhVd3NlaHJkbTIrWmNaTmdKQy8xbTJOSXpBU1RzTG93RzRkdzd3NjNIU1pFbFZwOXhBMTJNODZRclRoVCtLc0RIVGwrRURUTjFmRTQyTkZKY1ZrTEVtQzdoOFN1UEVrOHZwVzRSdWY0PQ==', 1508037965593),
('YmJEODloZWtGYVdXVG1Qa3U1c3hZNE9IalEwcUcySTViRnRaMEhHR2EvbVAxQkM2QzhxT1QxbVBRcGFaQkk4UVRhdGhVd3NlaHJkbTIrWmNaTmdKQy8xbTJOSXpBU1RzTG93RzRkdzd3NjJUdVFxQXZkV3Y0MjVXMk42MEN6dStDWlhESmwvUUtZbzVNeFVXSm9WY3g1STI4ZUR1UHBNV0tvdnZHZVQrUCtNPQ==', 1508078483308),
('YmJEODloZWtGYVdXVG1Qa3U1c3hZNE9IalEwcUcySTViRnRaMEhHR2EvbVAxQkM2QzhxT1QxbVBRcGFaQkk4UVRhdGhVd3NlaHJkbTIrWmNaTmdKQy8xbTJOSXpBU1RzTG93RzRkdzd3NjE1NitLQytMeVR1ZERjdngvR2dNUHR0M2dVamxxNmF6SEdXQURvdW5CTXdaMFlYbzUybjJaeW5TYjRERzQwVFRjPQ==', 1508402088880),
('YmJEODloZWtGYVdXVG1Qa3U1c3hZNE9IalEwcUcySTViRnRaMEhHR2EvbVAxQkM2QzhxT1QxbVBRcGFaQkk4UVRhdGhVd3NlaHJkbTIrWmNaTmdKQy8xbTJOSXpBU1RzTG93RzRkdzd3NjBLMm9lbFNnSUYvL2VpaFdnMFFTNmcwZTJad05pMndDelRETjMrejZLdVBuSkhBcFg2bGZUaGJ1TXcrUjRPclZRPQ==', 1508417882255),
('YmJEODloZWtGYVdXVG1Qa3U1c3hZNE9IalEwcUcySTViRnRaMEhHR2EvbVAxQkM2QzhxT1QxbVBRcGFaQkk4UVRhdGhVd3NlaHJkbTIrWmNaTmdKQy8xbTJOSXpBU1RzTG93RzRkdzd3NjJxZmpMYm9DYjNTL0hScjU3eVZqVGg4V3IxMFd0ekRWZ0tWOEpwQTFCOGtOTHhaT292eW56K2h4R1IxNHpDNWtzPQ==', 1508441600819),
('YmJEODloZWtGYVdXVG1Qa3U1c3hZK0lkM3gzcC9lYXpSMjVLME1raHFMK1VJWjhtMTk5Yy9peWtzNnl0Mis0SFR5SEJGNXBMOGwvZnAyRjNMcFpEcnhaZk5xOVZndzZmMzJUcGp2S1BFOVliREZTaXc4dXA0TU9DSlkzYkRFYWxLNURadkZFejd5S0x0ZmlmVWNLZlp3PT0=', 1508441614276),
('YmJEODloZWtGYVdXVG1Qa3U1c3hZK0lkM3gzcC9lYXpSMjVLME1raHFMK1VJWjhtMTk5Yy9peWtzNnl0Mis0SFR5SEJGNXBMOGwvZnAyRjNMcFpEcnpyQ3ZTQUdiQlcwc1pRQ3h6WTdKdVBSdzBPQ2t5RzM4bHVnWS9yZWdnNlRxdWhHOXNtZXlYaTlwMkhsZjBSVE53PT0=', 1508441669705),
('YmJEODloZWtGYVdXVG1Qa3U1c3hZK0lkM3gzcC9lYXpSMjVLME1raHFMK1VJWjhtMTk5Yy9peWtzNnl0Mis0SFR5SEJGNXBMOGwvZnAyRjNMcFpEcjI5a0FVcXhlN1FtK1MxcTFDbi9TOUdvdkpucTFoUXNqcUlWWkxxUm1xQmtpTTZjc284RE5tQWxTMi9RNUV2QXVRPT0=', 1508442303316),
('YmJEODloZWtGYVdXVG1Qa3U1c3hZNE9IalEwcUcySTViRnRaMEhHR2EvbXlzdkg2dlp6NnI1WDFBRnUyVGJHOWMxYWNyRFd2UU9IbFluY0JVYitaQmxibVYycDlyUTh0R2s0MFNSMVFPN2twS3JqWXRvekRTb2NER0NTL0UxZlQxLzFIaEo2R3dPc0VzNmlvaFp4dDNnPT0=', 1508442363321),
('YmJEODloZWtGYVdXVG1Qa3U1c3hZL1ZCQi9jM0MxdjQxUkt4WlhpeE5VNXJxVGk2aklIOFIybkpXU0p0Wlk2MFphcWVEZGpHZ2QzTmtNdmpIbjlTKzFRVVFLNXBXRmpGeGRIaHFaVjFSMGNsVnhCVzN4Qko0WDlhLzlmUXl3STVDUjVXSnpEQS9wT2kwU0pxS3UrZ1BZS0lkUGhVRS9pZWFHdS9rb29jbjRFPQ==', 1508445061563),
('YmJEODloZWtGYVdXVG1Qa3U1c3hZK0pwcmxnRmR2QS9CRDF1RzJGdUhvYXpEb1cvdDJJMUh1S1NTTUVKVTJuZkRpSmJqekF6VklrZGxvVjFxTkpTdVJKSitQRjlIREVOaXJuZHk1cXVzeVdCNlpwSTdjQkRnWEtYSHpoOGxvM3RheHFKWkNDbFhtcVFaVnk1M1JqSDJrNWU5Q3BZNVFtT3dwc05FMk9GQzA4PQ==', 1508477479927),
('YmJEODloZWtGYVdXVG1Qa3U1c3hZK0pwcmxnRmR2QS9CRDF1RzJGdUhvYXpEb1cvdDJJMUh1S1NTTUVKVTJuZkRpSmJqekF6VklrZGxvVjFxTkpTdWFyTmVEbUZTeGdwTmsyWGYwajhCMDYxQkJnaXdBMGcwL0poUjVCbkVJYlBDQ25TQXczczJxcGZuYm16Q2pVdkI1KzBsVUdhMG5pbGltN2lmd2ZrZjJ3PQ==', 1508483854141),
('YmJEODloZWtGYVdXVG1Qa3U1c3hZK0pwcmxnRmR2QS9CRDF1RzJGdUhvYXpEb1cvdDJJMUh1S1NTTUVKVTJuZkRpSmJqekF6VklrZGxvVjFxTkpTdVJZbHBSdEUyakVRcnNFa055UW9TcjVrUjZUSFhjN3JtdEIvYkhRc1phbVhSRnd1bHlMeGxHT2lYU0M5NkVYNVd1KzlyRXd5OHJTSHQzMllYRGM1cVZZPQ==', 1508511544553),
('YmJEODloZWtGYVdXVG1Qa3U1c3hZK0pwcmxnRmR2QS9CRDF1RzJGdUhvYXpEb1cvdDJJMUh1S1NTTUVKVTJuZkRpSmJqekF6VklrZGxvVjFxTkpTdWR4RkFqcW1rV29zSVNGNGJ0K3NDaTJEMFhYVWhMREhmMDQrYW9hSjFqZWdtZjlVQ2lyeSs5ck5CNnVxbm1KZFUwWlBHSFA1V09NSlVjREc0OWZER1hrPQ==', 1508525740175),
('YmJEODloZWtGYVdXVG1Qa3U1c3hZK0pwcmxnRmR2QS9CRDF1RzJGdUhvYXpEb1cvdDJJMUh1S1NTTUVKVTJuZkRpSmJqekF6VklrZGxvVjFxTkpTdVRLWnlKdWp0RzZyWE9RaUZ3K0ZjUjBqdkFZMnMweHNoODNPL2ZtaVFreGJoOWh3TzFOOVNuWWpERGtBNUVMUEhQb3BpRVVoNmRtWkE3MlFQRmF4eXJZPQ==', 1508562345050),
('YmJEODloZWtGYVdXVG1Qa3U1c3hZK0pwcmxnRmR2QS9CRDF1RzJGdUhvYXpEb1cvdDJJMUh1S1NTTUVKVTJuZkRpSmJqekF6VklrZGxvVjFxTkpTdWVaNG5jWDJuOHdKa0VhMDRCSmZobndLbE40T1RLODJaRnlBaU1RNGs5ekhybTBiWXg2UWgydWZ1TkxTdm84ZUdqQnpyTDlCRk4yMEpVZzlqb1lMT1VVPQ==', 1508657207195),
('YmJEODloZWtGYVdXVG1Qa3U1c3hZK0pwcmxnRmR2QS9CRDF1RzJGdUhvYXpEb1cvdDJJMUh1S1NTTUVKVTJuZkRpSmJqekF6VklrZGxvVjFxTkpTdVNOcHNOUXB1MFJWNDlYa2VxNkNXZTA5SlhoZzV5WTNRWGxNQVRzN0tWenVlZEc4SGErUnQxMURBZTlVYXA0ZStkYnozb0pPWHRNNkNrTDR0YVRKSWc4PQ==', 1508684992720),
('YmJEODloZWtGYVdXVG1Qa3U1c3hZK0pwcmxnRmR2QS9CRDF1RzJGdUhvYXpEb1cvdDJJMUh1S1NTTUVKVTJuZkRpSmJqekF6VklrZGxvVjFxTkpTdVUyVUdnSEtmSzk5WFNQbkNsSjFLWlFLeE1HZmp6eE1lcU5HMWdPZzcwVEpaT2wvYVRpeGVDVWUvTUpFWXVtTlZtWjJIRUh4ODNoWCtleC9LRVVLS2VrPQ==', 1508692381348),
('YmJEODloZWtGYVdXVG1Qa3U1c3hZK0pwcmxnRmR2QS9CRDF1RzJGdUhvYXpEb1cvdDJJMUh1S1NTTUVKVTJuZkRpSmJqekF6VklrZGxvVjFxTkpTdWRSV1RhbEZVekpiZE9PK25MQ1gxVnpYd1pvZmgwdzIrdjRKV09nUTBsSXBGSkE5UXBTZ1VUTXhhNi9seUorQmxuQzFkZ1MyYXlNMXRFUG1DS1FEa2FEVWhnd3FLWGYvVFRDNVo1OWl1NUFz', 1508785273135),
('YmJEODloZWtGYVdXVG1Qa3U1c3hZK0pwcmxnRmR2QS9CRDF1RzJGdUhvYXpEb1cvdDJJMUh1S1NTTUVKVTJuZkRpSmJqekF6VklrZGxvVjFxTkpTdVFsMjlVdU84QXh0MzlYMmJ4TGJEc3VvSmhhYmdCYitXb2gvU3ExY2dHNkdyRTc0ZEFveFB6RE5LSlNTVnUvelptRXZiMkV1a2czWEVUVERuVmVOQXlXck4ycWVOTUxneFh5THpXVk9heXhU', 1509286931549),
('YmJEODloZWtGYVdXVG1Qa3U1c3hZK0pwcmxnRmR2QS9CRDF1RzJGdUhvYXpEb1cvdDJJMUh1S1NTTUVKVTJuZkRpSmJqekF6VklrZGxvVjFxTkpTdWF3enhQY1VwcGQ4M2RNZEk3UkhqdHNsWFowbHdmRVg0THlDWFpkNVZpRHlrei9GSmN5eVNzWGlBaU9NL0FneHlqT1Q0bkFyYTB0WmxMd3ZHNjVGVEp4R2dqUEx5MWdSQnpMdCsvZWV5SzI1', 1509769218343),
('YmJEODloZWtGYVdXVG1Qa3U1c3hZK0pwcmxnRmR2QS9CRDF1RzJGdUhvYXpEb1cvdDJJMUh1S1NTTUVKVTJuZkRpSmJqekF6VklrZGxvVjFxTkpTdVRkNHFtTSs5WGd3N29nN3RiZHA0SVVJSzhBV2Vyb0tqS0ErM2pLclVlZ0lTdmR2WWZoc2tTZ2l1bWpLMURnK2U2Q2wrY3ZGQWdRQjZLanRxSmgwd1V4OTZaUlNnUklHOXVzUDNqMFZJeTc3', 1509781448016),
('YmJEODloZWtGYVdXVG1Qa3U1c3hZK0pwcmxnRmR2QS9CRDF1RzJGdUhvYXpEb1cvdDJJMUh1S1NTTUVKVTJuZkRpSmJqekF6VklrZGxvVjFxTkpTdVpCVWVHTGlTQ1cxSWY0aEh3cVpWTkppc05CTmM4ZlRuM09UOXFBMDZyUGF4cWRFYU5hSVRQelBVNjB3QkNYZUZ6M05PazdRWFlQbk1NVytYRzdrMzZPY1p5OU1jcTRzZVhiQkRYcUZrWjhW', 1509801165382),
('YmJEODloZWtGYVdXVG1Qa3U1c3hZK0pwcmxnRmR2QS9CRDF1RzJGdUhvYXpEb1cvdDJJMUh1S1NTTUVKVTJuZkRpSmJqekF6VklrZGxvVjFxTkpTdWVXRHAxNTAvU3ZVYWpLbmQrMHJUQTZrL1E1ODFBeXViVWpscFJjUFhUSmI2aWFneDBweFFseVdQcTFpbDZqOFAzTnRKNDRFRkoxcmtGWDY5NlhLMWlFY0tSUW9ha1NrRGRJa3JqRTZZME5U', 1509819370724),
('YmJEODloZWtGYVdXVG1Qa3U1c3hZK0pwcmxnRmR2QS9CRDF1RzJGdUhvYXpEb1cvdDJJMUh1S1NTTUVKVTJuZkRpSmJqekF6VklrZGxvVjFxTkpTdVd3Vm5CNy9JK1VPZ1dvWnh3RlpYR29VNkcxamQyK0lQeHdWQ3BMUFVqZy9HaExDcStXNUlFVWhpajBDRTd6MG1UUkRRRkdUYUZkQ29wNUZMeWg3UURjRTJSak9PNjdlR1B4cDNCdjBPbTZV', 1509832257225),
('YmJEODloZWtGYVdXVG1Qa3U1c3hZK0pwcmxnRmR2QS9CRDF1RzJGdUhvYXpEb1cvdDJJMUh1S1NTTUVKVTJuZkRpSmJqekF6VklrZGxvVjFxTkpTdWY4bmQ4Q1htN2MrTjBRSmtYS2YxSzBrLzNWUjZkK05FN0J3NzYrSXhTN3loS2tUZnZoNTRwQUZ3di9VSjJtVFR4WnFqVlQ2THZ2RUR2RW5MMlBmMlhMT1hWK2Q0NGRxZUV4bmZOc0N5NXBw', 1509867286852),
('YmJEODloZWtGYVdXVG1Qa3U1c3hZK0pwcmxnRmR2QS9CRDF1RzJGdUhvYXpEb1cvdDJJMUh1S1NTTUVKVTJuZkRpSmJqekF6VklrZGxvVjFxTkpTdVhmNzA3SS9ONlZjVDNwcWxuMERITTFvWGlRZ05mZEgwWG9DN2VFcW56MnRiUndXUUIzM29LcFVMZHZHT2hCS2x5aGovcC95d214WVBoMGtEMHJYM0VCakFFY3k4NkxBRWJ2MXpVQlFBdTFH', 1509873028878),
('YmJEODloZWtGYVdXVG1Qa3U1c3hZK0pwcmxnRmR2QS9CRDF1RzJGdUhvYXpEb1cvdDJJMUh1S1NTTUVKVTJuZkRpSmJqekF6VklrZGxvVjFxTkpTdWVMdVVURnVQUmdFc21mVi92MG5ia0ZQcWV6dlBiSEE1Y3lpcmtFV1ZtdE5JYy9UWWZ2NGovdndhempqTUZtemRvSnNtUjRIY01NT0RMQSttQWlPZU1ra1BISjBxWkh4akQ5Qm5IRERmN2RJ', 1510413933689),
('YmJEODloZWtGYVdXVG1Qa3U1c3hZK0pwcmxnRmR2QS9CRDF1RzJGdUhvYXpEb1cvdDJJMUh1S1NTTUVKVTJuZkRpSmJqekF6VklrZGxvVjFxTkpTdWIveldDWEJnRXIwczl4QU0rZHl2aXJleXYzU3FsMG8wUzhKMFprZFBUYjdSa0pWcnNUbDY3elgwMWROcitSdWVFUzhhdDROclpDaFdZeEhrTnFnb2Q3T1QxS3dncHdDdjVqelFEaE1pL25G', 1510512883546),
('YmJEODloZWtGYVdXVG1Qa3U1c3hZK0pwcmxnRmR2QS9CRDF1RzJGdUhvYXpEb1cvdDJJMUh1S1NTTUVKVTJuZkRpSmJqekF6VklrZGxvVjFxTkpTdWJmMjhRRjlnczMyUFFsa2tBNE01VDRGN3BjRTlwSzR4eXNkZDg5SXBIM1JaWGUzMVRhaGVmcEUrNGZ0bDNza01tam1uQndOVlJBUFVoV1FpUzYrQjdNeEZPaUFYNzV2ejN0dU1yOWN0MEtw', 1510539386118),
('YmJEODloZWtGYVdXVG1Qa3U1c3hZK0pwcmxnRmR2QS9CRDF1RzJGdUhvYXpEb1cvdDJJMUh1S1NTTUVKVTJuZkRpSmJqekF6VklrZGxvVjFxTkpTdWZSQlRUeTJsY2d0TzAxZkRMS0o2bS9VNUJyQWZZUlRnN01aWFZZcjBXQ1hJeldNeE8ySTRnWjVYb0xjaFBuR1A5aUdWRGxGUnNYS0NUMjE5NlNxVnRaMXJ1QUIyemtOZVY5bDdTdm1aSTdy', 1510587156540),
('YmJEODloZWtGYVdXVG1Qa3U1c3hZK0pwcmxnRmR2QS9CRDF1RzJGdUhvYXpEb1cvdDJJMUh1S1NTTUVKVTJuZkRpSmJqekF6VklrZGxvVjFxTkpTdWNjVGYycGZTZkN1ZjR1azVMZGg2K1NPaDl4VnFyQTY5VmVmWGJ1M0ltVVNjQUtUMHZ3NjJ0OFhHQzJrOFBQWWtRL0pZU1c0VnpwSUxiWHo3b1lSS0tNdWNwYVVNNVk1Y0FPdldUM3NMd3Jp', 1511370051204),
('YmJEODloZWtGYVdXVG1Qa3U1c3hZK0pwcmxnRmR2QS9CRDF1RzJGdUhvYXpEb1cvdDJJMUh1S1NTTUVKVTJuZkRpSmJqekF6VklrZGxvVjFxTkpTdWU1VFdEK3dRTVg3VlJXcDZ2ZXR3ajl2bGlLdzVXMzVXTXhFdVY1ZHlRQ2h1NmN5blZObCtyRG9WRkEzalkyYys5Nmd4STNXWEQ0U1Y1SWNqUzIreFRNZnN4Zk9YYXVIOVNDeGlnaHRFUk4r', 1511464848631),
('YmJEODloZWtGYVdXVG1Qa3U1c3hZK0pwcmxnRmR2QS9CRDF1RzJGdUhvYXpEb1cvdDJJMUh1S1NTTUVKVTJuZkRpSmJqekF6VklrZGxvVjFxTkpTdVJYaXl0OHovQUZFQXhrZ1VGTmM4d3pmTTdSN0RkcE9UdkhYRmI4T05BbnJQeXpGMlgydmppcnJLaXdvMlhxMi9oNWhEdmVqcy9WTTFzNVlPTGNOUkRlMjNxNmZCYjJvZm1JblVWTlpSMUNn', 1511661515931),
('YmJEODloZWtGYVdXVG1Qa3U1c3hZK0pwcmxnRmR2QS9CRDF1RzJGdUhvYXpEb1cvdDJJMUh1S1NTTUVKVTJuZkRpSmJqekF6VklrZGxvVjFxTkpTdVY1THE5M1RIbGQwdVBGQnBpVFd5eFBXUlF5dTZEbjdQTkx6NjZ0aFZyYVkvWm9wZUNJa2lkYlVBT1NWWHdyUzYrZUtHK2pUYWJEZXN2d1dtVmpZYXp0MThxeFNpOFVxd3VVMXpHR2t0ZWQ5', 1511683646453),
('YmJEODloZWtGYVdXVG1Qa3U1c3hZK0pwcmxnRmR2QS9CRDF1RzJGdUhvYXpEb1cvdDJJMUh1S1NTTUVKVTJuZkRpSmJqekF6VklrZGxvVjFxTkpTdVRLUkhEZlBubmIrbHVtdEIrUUpjQkFZT2VkeHF6M0grTHlEdnFLbkpSK0p3ZDFYMjVTL0hGbXVKdElsejF3NUhoSlRMeGdVYWdTZ2tXSThLK0N6MStXaFB4THF2R0FxdUVhb3pCRWEzN3c5', 1511680382526),
('YmJEODloZWtGYVdXVG1Qa3U1c3hZK0pwcmxnRmR2QS9CRDF1RzJGdUhvYXpEb1cvdDJJMUh1S1NTTUVKVTJuZkRpSmJqekF6VklrZGxvVjFxTkpTdVllS0hVdlpJQlRUcysyWU1NRUZuVVZOa3pWMDFlQTFRekZUUlUxQTdqelJ0Rjd6OU80bnQzRWxTRDZuMjFWZDk0Nzgra0VkZFBDSldIakJzSkVvbm4yNnpKQlQvYkFWbDJVVHBycEJCVXdq', 1511680383802),
('YmJEODloZWtGYVdXVG1Qa3U1c3hZK0pwcmxnRmR2QS9CRDF1RzJGdUhvYXpEb1cvdDJJMUh1S1NTTUVKVTJuZkRpSmJqekF6VklrZGxvVjFxTkpTdWIxOXdEVWFRNzhCMnNKWUNWOHEzalpFQnh2TzMzQnpHeGViVC8zY3BySmFCQmFHS3h3eVlCbXlQSmpRaXMyS3FoL1JJUWFpZ1J5NUZvSEVHS1pqK0h2WkM2ZFMxTVVUNmRtU3JVT29kbkV1', 1511680384220),
('YmJEODloZWtGYVdXVG1Qa3U1c3hZK0pwcmxnRmR2QS9CRDF1RzJGdUhvYXpEb1cvdDJJMUh1S1NTTUVKVTJuZkRpSmJqekF6VklrZGxvVjFxTkpTdVhSM21lR0x3VHlOQnVCZVN4NS9lSE5INXIyTXh4c2J2R25BWHZKUVpHcFhGYWdySnIwS2swWlpVdVB0Tm12UVB1YkxIS0h6QzVzSmRGTFc3TDAzUXY1K3ljYnZYbVJkRXFPSVpjNHB1MklQ', 1511680384521),
('YmJEODloZWtGYVdXVG1Qa3U1c3hZK0pwcmxnRmR2QS9CRDF1RzJGdUhvYXpEb1cvdDJJMUh1S1NTTUVKVTJuZkRpSmJqekF6VklrZGxvVjFxTkpTdWZjOXpjSTVBTklqSGp1bTNySG5aTFBha2RZVFloU2xMMktyU3cxdVlPSk9zSjYzTDRuSEJSdUJPMWVLZGMxQ1RlTEFTNi9KSkhuWml1LzhtNEFQajQ5bmQrSEFCcDZySGVkeDRGL1htTHNL', 1511680384843),
('YmJEODloZWtGYVdXVG1Qa3U1c3hZK0pwcmxnRmR2QS9CRDF1RzJGdUhvYXpEb1cvdDJJMUh1S1NTTUVKVTJuZkRpSmJqekF6VklrZGxvVjFxTkpTdWFXYmRxc21vbVAzZCttYUFDZ2toNVFBQW9HNlhERUZYcFQwOXNyaFRJc1VwQXAxcGx4SEsyZ2E5NE53MWRNOVcwZFMwa0N3MXBKTllyZkhaRFRTMlV3V3EwWlV4VEZlT2E3dGZId1lBWFps', 1511680385610),
('YmJEODloZWtGYVdXVG1Qa3U1c3hZK0pwcmxnRmR2QS9CRDF1RzJGdUhvYXpEb1cvdDJJMUh1S1NTTUVKVTJuZkRpSmJqekF6VklrZGxvVjFxTkpTdWJkRThxOW1Lam9MM0NQbXM2czM4Vkg3eEJrcGxMWVFnS0p4YktzYnM4MkpTdW1OTDl0QVB6M0Nrb0Zzc2ZJdDhoc0U5djhkdDVXTzFLQzFoVVl1S1NtTjRVT0NXNE9yRXJ3V25BVy82cmE0', 1511680386004),
('YmJEODloZWtGYVdXVG1Qa3U1c3hZK0pwcmxnRmR2QS9CRDF1RzJGdUhvYXpEb1cvdDJJMUh1S1NTTUVKVTJuZkRpSmJqekF6VklrZGxvVjFxTkpTdWVDS1E4aXF0WEhGTTY2MHpURWNlWEFKTjJPL2dCdk1Md3lCRGRjUFJiL1RWWWgxRWtmNVF6K2xkeU9ZNHpJOXdWWlNROVdRd093OC9QWnVlcnR4MkVITk5pWTUrTTh2ZE4zS1dtVy95UTVL', 1511680386597),
('YmJEODloZWtGYVdXVG1Qa3U1c3hZK0pwcmxnRmR2QS9CRDF1RzJGdUhvYXpEb1cvdDJJMUh1S1NTTUVKVTJuZkRpSmJqekF6VklrZGxvVjFxTkpTdWQ0VHpXeHZYbGhxN3hyWFp0QWY4V0xBT1lwSlc3eWtldG01RVF5QU1KWUVJYXUrUXlpbmNXNHF5d0E2a2Z6R2JMclpaUWdrNTc1bzdsNEtuVEthR2hheVNQdGR2OWwxQjFqckpkc1k3SlVH', 1511680387022),
('YmJEODloZWtGYVdXVG1Qa3U1c3hZK0pwcmxnRmR2QS9CRDF1RzJGdUhvYXpEb1cvdDJJMUh1S1NTTUVKVTJuZkRpSmJqekF6VklrZGxvVjFxTkpTdVliQmpxbkpmQjFRclQ0R25WbHlrYU5UdDZFd2syOFR5Q1BGQzk1R084Yk13NHA2SFdHU2RiV1JEYW5PTHowWnAxMmZFSDc3OVI1bkNiNEloTm9zQXU1SW4zUTVtUVNKNEtxQXZIdEFXQWMr', 1511687034040),
('YmJEODloZWtGYVdXVG1Qa3U1c3hZK0pwcmxnRmR2QS9CRDF1RzJGdUhvYXpEb1cvdDJJMUh1S1NTTUVKVTJuZkRpSmJqekF6VklrZGxvVjFxTkpTdVlyNU84Zkx1NXFGdm9iM1V2MWNsWkhNRU1CdzA4N0VWUGxCeWE3ZW45NjYyWVNMMXRIMGtrOVpOMWdneXZhdk5wdis0VE5KbHphZkVLRjBud00vaU9XYnVMN1p6VTVtcmt5SXQvWHdiWE44', 1511693487205),
('OE8rUkhncGhGa1QvNGt4N0hFMGU1aGhHcXd5c3BMem9QdlBsV3B3T0p6Yy9RTFlMOHNDcGtlYy9yeDB4bENUdXZXMWtORmY2Ym94NG5sZVdCcW9PaVQyb01MS3ZBQzc2OUY5cDZrTWNXTVpJTmpoTFE2QVBlMVVrZXpOcGdNajExNy9YOVY1T2VsbGY3L2VlQUlPSVhVUCs5Q3AzaU8wbHBiL1JEWk1NczBTaFUraTZ2UWRnb1pwUnZ1dktMQzV3', 1511713027181),
('YmJEODloZWtGYVdXVG1Qa3U1c3hZK0pwcmxnRmR2QS9CRDF1RzJGdUhvYXpEb1cvdDJJMUh1S1NTTUVKVTJuZkRpSmJqekF6VklrZGxvVjFxTkpTdVMyVDI4RHJLWDI3R3pWd1JVbjBzWm5LM0VUSjNvY3NHN3N5ZzBJTlgxaVN1KzJHTHhQMXh4ZGpZdFVSd0VXZ3F5ZGJFSGI2czZwQVRsN0FvUjFINDUyS3dBckRXb3Q3U2swV1RTOHkzZmdR', 1511713117704),
('YmJEODloZWtGYVdXVG1Qa3U1c3hZK0pwcmxnRmR2QS9CRDF1RzJGdUhvYXpEb1cvdDJJMUh1S1NTTUVKVTJuZkRpSmJqekF6VklrZGxvVjFxTkpTdVlwTXBub01udENpaE5mU2xsU0VtUyttS01VeXh5dHVaZk92VXloTENJeW54ZFNXOTVkWk1CNWdlUm10Q0JOUnhpaWxVSi9YL25mQnB5OWtPU1NXSVIwVmI1TjRPYThZUEprY01rQ1NzMmNw', 1511807829500),
('YmJEODloZWtGYVdXVG1Qa3U1c3hZK0pwcmxnRmR2QS9CRDF1RzJGdUhvYXpEb1cvdDJJMUh1S1NTTUVKVTJuZkRpSmJqekF6VklrZGxvVjFxTkpTdWIrY0hWR2pWRm5DSmxZV2J3WDRXRjlFeHk2bzh5TFVZcmZkbWY1L3c0ajduanhCSjhCQk9FNVpjUXE4a1MxcmZtcDhmeDBQZjRDUWJ6QlZNMjI3d1hmYVZHaXRPdGYxWDA1VGRPb1dPQm80', 1512493633623),
('OE8rUkhncGhGa1QvNGt4N0hFMGU1aGhHcXd5c3BMem9QdlBsV3B3T0p6Yy9RTFlMOHNDcGtlYy9yeDB4bENUdXZXMWtORmY2Ym94NG5sZVdCcW9PaVl1bXVaTEtKeDRBak1ZNC9wTkJuZlR5QStmaWVtcmpOTlUxNWVNNUZjUkRYMWllQXNpL3g0OUpDVG90U2FZNDVWWnBJaFBBVktWbkRZWEI0cWdIZHBYdVZoZEl2Zkg2MzNEMXF3Qis2OE93', 1512525753774),
('OE8rUkhncGhGa1QvNGt4N0hFMGU1aGhHcXd5c3BMem9QdlBsV3B3T0p6Yy9RTFlMOHNDcGtlYy9yeDB4bENUdXZXMWtORmY2Ym94NG5sZVdCcW9PaWNKcitpdElsdkI0SDV4cXFaRWhNZlpVVVFrOUtnZzRmQzR1bHRraUNWZ1lnMnRESXAxd1FVSjl0NEdVZTdZZlhQZUV3aFdjUTZUMStDMXJqYWZvRnF6M1RCS2FORVRpYk1CVHRWbFUzZVNR', 1512581493067),
('OE8rUkhncGhGa1QvNGt4N0hFMGU1aGhHcXd5c3BMem9QdlBsV3B3T0p6Yy9RTFlMOHNDcGtlYy9yeDB4bENUdXZXMWtORmY2Ym94NG5sZVdCcW9PaVh6N0Mra0R3bGlXbnRvY3ZmakJYc1ZiYXhZQnJkTkN3RTVub0ttL1FacVY3ZVVYRzZBaGJ6QlVmaTMxWEdPS0pya0lwN2NYYlRhTGtmN0g0TnZQM0dQSTcxZUtpczdIb2IrYnRZZU1kaVdDRjhDRU9UUXNGdFBmbm1MUFFsb1RWdz09', 1512581500097),
('OE8rUkhncGhGa1QvNGt4N0hFMGU1aGhHcXd5c3BMem9QdlBsV3B3T0p6Yy9RTFlMOHNDcGtlYy9yeDB4bENUdXZXMWtORmY2Ym94NG5sZVdCcW9PaVQyOFBQbG1iZldhQXNVc1hhK0xwazU1TzRGWkY4K0V3MGJvUWNnN09Sa2d1dzM5QS9ab2ZleVJLT2ZnSHNPT1JzR0NaWmZHZzk3Z3dwUmwxSm42cWlYZCtzZkJ0MHNGbXBvOGswM1A1RkZzQjdzVUJ3RFRSY1NUM3BVN1dORlhZZz09', 1512584082735),
('OE8rUkhncGhGa1QvNGt4N0hFMGU1aGhHcXd5c3BMem9QdlBsV3B3T0p6Yy9RTFlMOHNDcGtlYy9yeDB4bENUdXZXMWtORmY2Ym94NG5sZVdCcW9PaWE3bm11SitwV25XR3dqQis5N1ppUklVTE14amVOMkl1aVRlNDJ0QkFFUTA5WWZJcFR3M2Jqc2xENDEzcWFhWjlnQmtiVXhhcS92M1FLQ0hhY1hhS05iSTVhOXpXSEp4d3BUM2kwb3NpSWY1TWNpY3dhR1Z0TzNHUHVXZWxjOFI5UT09', 1512613423349),
('OE8rUkhncGhGa1QvNGt4N0hFMGU1aGhHcXd5c3BMem9QdlBsV3B3T0p6Yy9RTFlMOHNDcGtlYy9yeDB4bENUdXZXMWtORmY2Ym94NG5sZVdCcW9PaVVqdG1TZStHTFRNRGRJTW83eU1lc1I4bUtoaEI4OU1JTnlvOUtIc0FOMjZid1B3VS9Yc3JoS2xPMG1wbUZiRHpjd3FHUXJWUzBzeGwvV0J3bitmdTkxWkFXdVhQQjNodkdBTjNsbHJ4UTd5Y01NdmxuMWU5UGtMYUpLS1FhaFVjQT09', 1512668157083),
('OE8rUkhncGhGa1QvNGt4N0hFMGU1aGhHcXd5c3BMem9QdlBsV3B3T0p6Yy9RTFlMOHNDcGtlYy9yeDB4bENUdXZXMWtORmY2Ym94NG5sZVdCcW9PaWR2TFVLMHVUdTlBSUlNam14U0Fyc3hUUUd2S3FmSks4T1BXSnFjWVFJVXdNbVlLVU45ZEJTLzdsWVBQSzBMU0JTbitpK095VEZqc3NlYnJMUWNNYXVrWHJ3ZU83aVQ5eFZENExMeVJKb2x2TmhYT2s5VFpnS2VDbmlVdmFHYlFHUT09', 1512698776500),
('OE8rUkhncGhGa1QvNGt4N0hFMGU1aGhHcXd5c3BMem9QdlBsV3B3T0p6Yy9RTFlMOHNDcGtlYy9yeDB4bENUdXZXMWtORmY2Ym94NG5sZVdCcW9PaVdOL0xkNnU1UWliOFdhb1RySWtNbFFJVE9pZHJtR1BFNzlPWHloVWhHOWlmd2IyWVo4WDIrcWpRenhVNDNxVEQ1V0E5WVJhdi8ra3F2U0VTY2hlV3pTcGcwV1loMzYyZkRyY1NjbnlYWUx4aFlEdUVMNDYzakU3cTZMSGVOWGJndz09', 1512760941267),
('OE8rUkhncGhGa1QvNGt4N0hFMGU1aGhHcXd5c3BMem9QdlBsV3B3T0p6Yy9RTFlMOHNDcGtlYy9yeDB4bENUdXZXMWtORmY2Ym94NG5sZVdCcW9PaVU0Uk0reDJlckVQSFZGSFlEZDBOWms3eVlGMWZ1cUEzNDFzS0hNUDNzQ0VPNENoNmhPN05FSjgvK0xYT2p6bkdZeGUyODlzYnEwWm1Fdi8zRDdINkU3aThsWFkzRXRwdGNjakc5TGRRaGdOQzJHSkcxQmxaMUVDN1ZWY09QZ1ZlUT09', 1512814109421),
('OE8rUkhncGhGa1QvNGt4N0hFMGU1aGhHcXd5c3BMem9QdlBsV3B3T0p6Yy9RTFlMOHNDcGtlYy9yeDB4bENUdXZXMWtORmY2Ym94NG5sZVdCcW9PaWZtUEJ6QXZhUDZNc245SDJhKytKeDM4Yy9MVG9SajU0R2Q3SEhqcFlnVWdBdzBSYUxBS0lsb05NYzdJZ3MvYmdlMExwRG1LVmNxZmNmNElHUUI2ekx6cDRZNnd0bjRpSXF3dGdGb2hBOTdBYlEzMlhVY2xwRURSYmgyTjExUTY3UT09', 1512908502978),
('OE8rUkhncGhGa1QvNGt4N0hFMGU1aGhHcXd5c3BMem9QdlBsV3B3T0p6Yy9RTFlMOHNDcGtlYy9yeDB4bENUdXZXMWtORmY2Ym94NG5sZVdCcW9PaVZ0RDFaS0UrWnBzU2pqNG01ZVMxS2xtS0VhWmtXSHlvb3lsVlJxWjNMOVF2T0NnU01mdDI3R3o4a3BvK0tObjI3cTY2RUlYblZPNmFmSy9zWEoyV3NWK25rZ2NvcVB5b0V5OHpYZC9qK3Z3VnVtTWxvaHlVbXZhekFjb0R6eVJsUT09', 1512933040664),
('OE8rUkhncGhGa1QvNGt4N0hFMGU1aGhHcXd5c3BMem9QdlBsV3B3T0p6Yy9RTFlMOHNDcGtlYy9yeDB4bENUdXZXMWtORmY2Ym94NG5sZVdCcW9PaVlPWjIzdStQWjFXQWkvMmYwbU9ZR0UxR1RrWG9lVVhCMkZVUFJXZ2dLS3Uvem5CMFBpUFRjdW4wajJLTmN5SVlFcE53TW1yb2hZNCt3aXF2LzVhTFM3OG8zS3Z1M09PYW1Kc0cvdllscS9yYmNYeElBSzJGZ0FWTTRoa3ByZ0laUT09', 1513521294757),
('OE8rUkhncGhGa1QvNGt4N0hFMGU1aGhHcXd5c3BMem9QdlBsV3B3T0p6Yy9RTFlMOHNDcGtlYy9yeDB4bENUdXZXMWtORmY2Ym94NG5sZVdCcW9PaVY5Z2xvOS9GL2ZtdVE1UEdmbURxTVFwdjMwZmw5SFpNcm9OdDgvemE4YURMdDYzckJjRGdNWWlOSkxVZmlVV2Z4dExNb040TitlaDdoaUw5QWVBd2t0OTdUT2JZbDk0S2VoRFlWdGNGNnh6aDl3VU9oVmlnYVRUVzdDMC9FQk1vUT09', 1513536840318),
('OE8rUkhncGhGa1QvNGt4N0hFMGU1aGhHcXd5c3BMem9QdlBsV3B3T0p6Yy9RTFlMOHNDcGtlYy9yeDB4bENUdXZXMWtORmY2Ym94NG5sZVdCcW9PaVdEbTRyd0lEdHpBbFZkbnJaai91aU9yQ1dmamdvS1gwekM4QzJYMEhRb0ZjVVc0VEdaRjRGeDRPVUplUm9Qck43c3FJdlc1SENkSVFZaEo5cmxScHR6N3FVdUJMaWtKaVhaWjdFTjc3QkxqWHBtT2JEOEVORndJU0NiNjRaVEFJdz09', 1513564501202),
('OE8rUkhncGhGa1QvNGt4N0hFMGU1aGhHcXd5c3BMem9QdlBsV3B3T0p6Yy9RTFlMOHNDcGtlYy9yeDB4bENUdXZXMWtORmY2Ym94NG5sZVdCcW9PaVFsSHhLQTlmM25sSlhocC9mNzNnaHFSMFphdm9QZUN4M3pNVUR6UXliYzFtc3FTcVhMSXJTekxSMFliSWJHL3lwM0Q4OFFmbmhxNUhRWktweXFPMUtIZTFFcGJrUFB1bjhPY1FUVm8yTGxDWmUvaS8rT0pYWnJXaC9EN0xsWDB2UT09', 1513881603993),
('OE8rUkhncGhGa1QvNGt4N0hFMGU1aGhHcXd5c3BMem9QdlBsV3B3T0p6Yy9RTFlMOHNDcGtlYy9yeDB4bENUdXZXMWtORmY2Ym94NG5sZVdCcW9PaWY5ZnQ5WUlLaU0wRkRnNFUrRFZ5dGg3ODdKRktKWHBBTTRXNnh5bUNjKzBlaUgzRUdyei9qOXZydXpPc01sKy9aUVIyYjR2clZHb3pwVEZuMHZ3aVM3c3Iva1ZYVjFtUkJYVlV2djBaVEl2R2VGQWIxbGNUL1RZV2tBVVFJQ2dhQT09', 1513970674911),
('OE8rUkhncGhGa1QvNGt4N0hFMGU1aGhHcXd5c3BMem9QdlBsV3B3T0p6Yy9RTFlMOHNDcGtlYy9yeDB4bENUdXZXMWtORmY2Ym94NG5sZVdCcW9PaWJ5ZnJQQWw5N256bk1JRUF4UUNTMkNyVzV2YmZTOTE2Sm5pMU9kckNKRnAwZEdzS1VnNTE3cWxtWDNGdnI5QnUwV09XV1NWZVc5d1hZbEQ1ekRjdnMwU2R4bERVZlA0NGFjUklSRjVHYUdJZkk0VnJNL0VwTDFNN0R5MHVQTStaZz09', 1514016112407),
('OE8rUkhncGhGa1QvNGt4N0hFMGU1aGhHcXd5c3BMem9QdlBsV3B3T0p6ZXRXNFlOUkl6MCtWMDFlVjZyR1hKcExPbHFrRkhpL3BvUkpSMHIxOEtKbnhSdGJPbXRrSnlVbHF4WUJSbkZ6WUpibFNIR2YvQTRXVUJuaGRSdCtXZ3k5MHY0bTAvZmRzWUxHTnBQSks1bnBxenhxZVRWcnEvbldLNWxaWVhyc1VPNStjMzZ1OEgrUjJQYUI2d3Q2R0hpUnoxZGlkOFJTdmZZejByOFJDQWIvUT09', 1514052661785),
('OE8rUkhncGhGa1QvNGt4N0hFMGU1aGhHcXd5c3BMem9QdlBsV3B3T0p6ZXRXNFlOUkl6MCtWMDFlVjZyR1hKcExPbHFrRkhpL3BvUkpSMHIxOEtKbjdQOG4xS0lldUtYZXFndUhFV0JWWUxsT2lBK29pZGYzVVpaTEozOTQyZlg3TEtYbnBYaUpYaDZlVUZJVlNVVlJBczNaNlNuNUk4c2U5Yy95ZVh3SkQ5MExOYWJ6VUQ4d2ppVGNYTGNTWm4vOUZqTW5HM3VUVVE3SHU5bU9xdFFvUT09', 1514138897681),
('OE8rUkhncGhGa1QvNGt4N0hFMGU1aGhHcXd5c3BMem9QdlBsV3B3T0p6ZXRXNFlOUkl6MCtWMDFlVjZyR1hKcExPbHFrRkhpL3BvUkpSMHIxOEtKbitmbThKazZBWU1TbEUwcmwzQkJNSzN2d0lRTlY5NEEraG9yaVZEZkJkVkVjOEs3Y2FFQW5mY3lOM2EzUTJWTkhadEJQZDkwSUpzV3RiVEl1ZElGWDR4TkFOMjUyNXI0YVhoOUFDcEtpL3RLZXBoelRDZUZ0YmZxOTB5YmdFZHVyUT09', 1514179687339),
('OE8rUkhncGhGa1QvNGt4N0hFMGU1aGhHcXd5c3BMem9QdlBsV3B3T0p6ZXRXNFlOUkl6MCtWMDFlVjZyR1hKcExPbHFrRkhpL3BvUkpSMHIxOEtKbjE1VStkUzNOU3NGVW1TS0I5NXBoYkFiZ2ZFQ1FXMU5UVEdCaGlGdDhjdDNDemlJVzQxVHZlTUUwMlVKUGFyeHNTRWMrREVaNXVnVHVzamtSd0t2VXExUzJ5OXNJdHVWSWVMY0FOcUVhNVB5NzZQQy8wMGdUZjV0b013NlF0ZStNZz09', 1514557288918),
('OE8rUkhncGhGa1QvNGt4N0hFMGU1aGhHcXd5c3BMem9QdlBsV3B3T0p6ZXRXNFlOUkl6MCtWMDFlVjZyR1hKcExPbHFrRkhpL3BvUkpSMHIxOEtKbjFUa2k2U0k4Q0RpZElDNHgrTTZvZ3hqeCtxNDZIMXdmWkg2STZ2QTlaTjJiVFE4Ky9tRHQ5b3g5Uk0xR29LQkNPaUcrRmhWQi8vOUltUW9ad1ZOa2hudk96bUM2UzlYQ1I0YTNxeVBBUVI5ZGEzei9zNVNSWit4THVQZ1p3ZU1mQT09', 1514649997747),
('YmJEODloZWtGYVdXVG1Qa3U1c3hZK0pwcmxnRmR2QS9CRDF1RzJGdUhvYXpEb1cvdDJJMUh1S1NTTUVKVTJuZkRpSmJqekF6VklrZGxvVjFxTkpTdWJ4MjR6dWYxeXJaMDhKOEFUWUxWVFNaYlRFT3VTNE04ZUFTNnBSNkR3T0J5TDYzRWRvWWgwTUljUTk1dWg1ZDVPWUtMSjBkM3REU0FvRXd0dTEvSzZidUJrdXppbnkvRjFZOVJJd0lEanBaQkhvMzNnMTlDNGo4Z2x4YWVqVnQ3dz09', 1515211351196),
('YmJEODloZWtGYVdXVG1Qa3U1c3hZK0pwcmxnRmR2QS9CRDF1RzJGdUhvYXpEb1cvdDJJMUh1S1NTTUVKVTJuZkRpSmJqekF6VklrZGxvVjFxTkpTdWI3NWFoTVRuc2ZRcndUWmhqZkpGT1Z5Vy94UmpzMWVDRjlGRmxURDJnQ3crWHJVdEp4L0NabGtIbWF3NTlHaVkyWEpxU3VlS0htcXhReURDTlh5WHdYTkZjc1JCVFcrUHVkOTgxalVNaEdtMGJwNkRGYTR3Vi8xVUIvbFNYblEvQT09', 1515232054755),
('YmJEODloZWtGYVdXVG1Qa3U1c3hZK0pwcmxnRmR2QS9CRDF1RzJGdUhvYXpEb1cvdDJJMUh1S1NTTUVKVTJuZkRpSmJqekF6VklrZGxvVjFxTkpTdVQreHZ3dXhrbUVsZDJrbkNOWUxDd3V4Q1VCQ1hBY3p4RW91Y3Zzb0xXSFJxQ1V5ekp2VlFmQzVDOSs1QkVTU1g1bmRzWkh0SExrOFVSZFp4Slc4RTJBd3BMSmhYMnNaWm1ueTBNWEs3UEZrTVVBTmJVWHlqcC9MRUZPWDBudGtNdz09', 1515236851473),
('YmJEODloZWtGYVdXVG1Qa3U1c3hZK0pwcmxnRmR2QS9CRDF1RzJGdUhvYXpEb1cvdDJJMUh1S1NTTUVKVTJuZkRpSmJqekF6VklrZGxvVjFxTkpTdVRpMmEwajhodHRKQkZMOUtFUlJNSDJCeWtWNzQyZEp4QjBKN2gybThTd3lJUWJIMkljWXJNRThsdXJvc1M2VndRaFhKaFU1Ym4xczJkTkZZcklZQnUvUGRCeVBNMHJCYzRlbTNxVUsvMWZzY0NMbkNTYkpLYVN6WS93OWNudm9Pdz09', 1515243441863),
('YmJEODloZWtGYVdXVG1Qa3U1c3hZK0pwcmxnRmR2QS9CRDF1RzJGdUhvYXpEb1cvdDJJMUh1S1NTTUVKVTJuZkRpSmJqekF6VklrZGxvVjFxTkpTdWRGZzhxMFZWbXA4elNKdXFRMEZwd0hlcVVLZzhEV203M0Q2T0UvZnhJRncxYzFPaXpKL1JaVms2cWJENWQrbVhJaERjZzMwTUUzRDgrTVdxWG9jNzlsSXJpakNZd0lSYXBDSlk3Z1phYlBYV3gxbHhJNzNuQkhZc3ZTWTd1U0JMdz09', 1515262713097),
('YmJEODloZWtGYVdXVG1Qa3U1c3hZK0pwcmxnRmR2QS9CRDF1RzJGdUhvYXpEb1cvdDJJMUh1S1NTTUVKVTJuZkRpSmJqekF6VklrZGxvVjFxTkpTdWMwazliUEM2Qnp4MzdNOG00QWt5WEFSTGNuRVhiTllYeGlWWmRlNjhXNGMvaGxWcWtTeVgrZ2J1NXl0NEFwc0Evc0VVdExXU0ltTXozK3E5N2pjamVESit2ZDNncWhqcjlnT012OXV2T2VUMGc5bENTaGVrWGVVb0RnV3dLWjQ0dz09', 1515323429396),
('YmJEODloZWtGYVdXVG1Qa3U1c3hZK0pwcmxnRmR2QS9CRDF1RzJGdUhvYXpEb1cvdDJJMUh1S1NTTUVKVTJuZkRpSmJqekF6VklrZGxvVjFxTkpTdWRiaGRjOE82WWFNUmE0OC9XNFFXNHNUVk5Zc2thRXVpbjBvZmYyaEUrekRYNlFJQWdYbGEyQk5qSFFZNldlVHp0b0taYjlFTFN4TldLYTFMTFJCQlJqcFRvOHlOUDIwYVp1NHN2ZE9Jck4ybFphelE5Q3FxSEVXR1A4S0UvcWgxQT09', 1515348834681),
('YmJEODloZWtGYVdXVG1Qa3U1c3hZK0pwcmxnRmR2QS9CRDF1RzJGdUhvYXpEb1cvdDJJMUh1S1NTTUVKVTJuZkRpSmJqekF6VklrZGxvVjFxTkpTdWN0RUU3c3daV2hIRTc1SmlxTnRVZkc3K01jckZyMzRIQ2lNODZMcVBUT3AvNUNvVEF3QmZSeW5OTzZzWEFjWlQzWWUwckQ5VWxXNlNkb0JKY2s1NFR3dlpwR1Z2ZnRQRGpmSGhsdnkrVVEvRkcrbHJEb3gxb2hjMUVLR0ppTWlpZz09', 1515348885038),
('YmJEODloZWtGYVdXVG1Qa3U1c3hZK0pwcmxnRmR2QS9CRDF1RzJGdUhvYXpEb1cvdDJJMUh1S1NTTUVKVTJuZkRpSmJqekF6VklrZGxvVjFxTkpTdWZ1am1Xalg5WmxmaFB1ZWUvNDNQWW9zeFR1WW1NUFNHYjYrdjNRZjJsUmRMd1pDYzhWWlo1TFhOcm1CVXBBbUpVdDl2UWZIeGg2Ly9FQUdqUjRtWTFQMjh6UHdKQVJXYmZidW96R3NIUDZ3eCtxVW1QYit2MCsrTysrRm4vakEvdz09', 1515427793248),
('YmJEODloZWtGYVdXVG1Qa3U1c3hZK0pwcmxnRmR2QS9CRDF1RzJGdUhvYXpEb1cvdDJJMUh1S1NTTUVKVTJuZkRpSmJqekF6VklrZGxvVjFxTkpTdWNZTldTN3F2N2IxVVA1c0tsd1NIVmRKL3FUclB3eFI3djZPUFlmdThOMkpPVVlKN0lzVHNsOFIvRDlTT1Q3Mk1wSW12QzMyUGdjZ1FkZXhPeWVEQ29jcExuV3BVRytGOWFQNzRSamVyM05CZlhyK0hac2pYYUF6NDBsVjdaWHlTZz09', 1515537853081),
('YmJEODloZWtGYVdXVG1Qa3U1c3hZK0pwcmxnRmR2QS9CRDF1RzJGdUhvYXpEb1cvdDJJMUh1S1NTTUVKVTJuZkRpSmJqekF6VklrZGxvVjFxTkpTdWM0SGtxeFhCTkF6YXlzcUtOVkpzZUhyRjE3b1VPWTdmMUZmT0kyMDYyU0R2eldmb3EySUoyQS9DSnlnOVZza0xLeFBObmJpcFp2TTNxQ2t5cGN3WlIzRExpNjMyNU5RQjFDNlNMSk9HV0t1a2dzUVB6N3NVaytMcWpzMkFmV2w4dz09', 1515867550169),
('YmJEODloZWtGYVdXVG1Qa3U1c3hZK0pwcmxnRmR2QS9CRDF1RzJGdUhvYXpEb1cvdDJJMUh1S1NTTUVKVTJuZkRpSmJqekF6VklrZGxvVjFxTkpTdWZvWHY5bFVFbVU3WFl2QTMrVWNtNUlhaHZXUGZsWE9QWG1QU2tkNXdTVHoyMVdQYytReUE0VHEyZGdrOEtWU3hvNk5tRnlTOWNMbjdHbVNZVGxSU0ovVDdkdGxOT0tHVUpSZGx0TXVGbHE3dk5SOFkzYlMzVFZzaDJEa3dNSTBYZz09', 1515948258808),
('YmJEODloZWtGYVdXVG1Qa3U1c3hZK0pwcmxnRmR2QS9CRDF1RzJGdUhvYXpEb1cvdDJJMUh1S1NTTUVKVTJuZkRpSmJqekF6VklrZGxvVjFxTkpTdWJzUTh3OUVsZDY5VWRmWmQ2cStCRG9sMVA3WGh4OTFlYXJ3YUZidDh0WjA0MzJRWVkvZldjeEg2Z3oxSDRvTWRhdzgrbG9wVTRGby9tcHMxMkVkQ29wVGk3emlKMFBaaEoyaWhsUG1kRVNMZ2pWTlpoam9OL0hlU21id2FDNmdCQT09', 1516309853583),
('YmJEODloZWtGYVdXVG1Qa3U1c3hZK0pwcmxnRmR2QS9CRDF1RzJGdUhvYXpEb1cvdDJJMUh1S1NTTUVKVTJuZkRpSmJqekF6VklrZGxvVjFxTkpTdVdhZVhWRkhlazZyemE5ZEZhUkhBNlhqOXRvZFl1ZWRvYldNdVZjYlk5OHZvWFUzOTN1bWdreFNGMHNqdE9hZWcvQk1FK0VJUWJpWEQxWVNyNHJ4T2dzVVc2cWpqNDVYUm9sTENSUGduZWRVakJHR3c2Tmx4UWFhVFVGZEQraTlQQT09', 1516309888185),
('YmJEODloZWtGYVdXVG1Qa3U1c3hZK0pwcmxnRmR2QS9CRDF1RzJGdUhvYXpEb1cvdDJJMUh1S1NTTUVKVTJuZkRpSmJqekF6VklrZGxvVjFxTkpTdVZuK1o5Vi9KQjJRMkJBcFVPQTc5MG1LekZNMGhlZjFONkt4UjI4dkJzSWNYdDRCQVI1UDZEWndqV1pvZk5ZNE5saG5pUE1JRGxQMzEyQlVoUkZtTkJNM1JmbXRGTG5PMytmYmhxRGpyWS95eFVpWDZrMlZ4eFV5WmMwVkdEcW1wdz09', 1516367598642);

-- --------------------------------------------------------

--
-- Table structure for table `master_diagnostic_tests`
--

CREATE TABLE `master_diagnostic_tests` (
  `id` int(11) NOT NULL,
  `category_id` int(11) NOT NULL,
  `name` varchar(150) NOT NULL,
  `specimen` varchar(100) DEFAULT NULL,
  `description` varchar(300) DEFAULT NULL,
  `created_at` varchar(13) DEFAULT NULL,
  `updated_at` varchar(13) DEFAULT NULL,
  `is_active` tinyint(4) NOT NULL DEFAULT '1'
) ENGINE=InnoDB DEFAULT CHARSET=latin1;

--
-- Dumping data for table `master_diagnostic_tests`
--

INSERT INTO `master_diagnostic_tests` (`id`, `category_id`, `name`, `specimen`, `description`, `created_at`, `updated_at`, `is_active`) VALUES
(1, 1, 'Sugar Fasting', '3 mL Blood', 'A blood glucose test measures the amount of glucose in your blood. Glucose, a type of simple sugar, is your body’s main source of energy. Your body converts the carbohydrates you eat into glucose.', '1512809012568', '1512809012568', 1),
(2, 1, 'Gall Stone Analysis', 'Stone in Screw capped container', 'Gall Strones are formed due to underluing conditions causing hypercholersterolemia, chinic hemolutic disease and due to complications like cholecystitis. Gall stoner are more common in women over the age of 40 years.', '1514641479347', '1514641479347', 1),
(3, 1, 'td', 'srwers', 'resrwrre', '1516363468000', '1516363468000', 1);

-- --------------------------------------------------------

--
-- Table structure for table `master_diagnostic_test_params`
--

CREATE TABLE `master_diagnostic_test_params` (
  `id` int(11) NOT NULL,
  `master_diagnostic_test_id` int(11) NOT NULL,
  `name` varchar(100) NOT NULL,
  `description` varchar(500) DEFAULT NULL,
  `healthy_range` varchar(200) DEFAULT NULL,
  `measurement_unit_id` int(11) NOT NULL DEFAULT '0',
  `input_type_id` int(11) NOT NULL,
  `list_values` varchar(500) DEFAULT NULL,
  `default_value` varchar(45) DEFAULT NULL,
  `created_at` varchar(13) DEFAULT NULL,
  `updated_at` varchar(13) DEFAULT NULL,
  `is_active` tinyint(4) NOT NULL DEFAULT '1'
) ENGINE=InnoDB DEFAULT CHARSET=latin1;

--
-- Dumping data for table `master_diagnostic_test_params`
--

INSERT INTO `master_diagnostic_test_params` (`id`, `master_diagnostic_test_id`, `name`, `description`, `healthy_range`, `measurement_unit_id`, `input_type_id`, `list_values`, `default_value`, `created_at`, `updated_at`, `is_active`) VALUES
(1, 1, 'Albumin/Globulin ratio', NULL, NULL, 1, 1, NULL, NULL, '1512792040000', '1512792150000', 1),
(2, 1, 'Bilirubin', NULL, NULL, 1, 1, NULL, NULL, '1512792150000', '1512792150000', 1),
(3, 2, 'Alkaline phosphatase', NULL, NULL, 3, 1, NULL, NULL, '1513966678000', '1513966678000', 1),
(4, 2, 'AST (aspartate aminotransferase)', NULL, NULL, 3, 1, NULL, NULL, '1513966901000', '1513966901000', 1),
(5, 2, 'Fasting glucose (blood sugar)', 'Blood sugar levels can be affected by food or beverages you have ingested recently, your current stress levels, medications you may be taking, and the time of day. The fasting blood sugar test is done after at least 6 hours without food or drink other than water.', '70 to 99 mg/dL for the average adult (the elderly tend to score higher even when they are healthy)', 7, 3, 'a,b,c,d', NULL, '1514012212000', '1514012212000', 1),
(6, 2, 'A/G ratio (albumin/globulin ratio) or total protein test', 'There are two types of protein your blood — albumin (see above) and globulin. The A/G ratio test compares levels of these proteins with one another. Elevated protein levels could indicate a health condition in need of attention.', 'a bit over 1, favoring albumin', 9, 2, NULL, NULL, '1514643872000', '1514643872000', 1);

-- --------------------------------------------------------

--
-- Table structure for table `measurement_units`
--

CREATE TABLE `measurement_units` (
  `id` int(11) NOT NULL,
  `description` varchar(100) NOT NULL,
  `short_form` varchar(45) NOT NULL,
  `created_at` varchar(13) NOT NULL,
  `updated_at` varchar(13) NOT NULL,
  `is_active` int(11) NOT NULL DEFAULT '1'
) ENGINE=InnoDB DEFAULT CHARSET=latin1;

--
-- Dumping data for table `measurement_units`
--

INSERT INTO `measurement_units` (`id`, `description`, `short_form`, `created_at`, `updated_at`, `is_active`) VALUES
(1, 'Cells Per Cubic Millimeter', 'cmm', '1512927097353', '1512927097353', 1),
(3, 'International Units Per Liter', 'IU/L', '1513560893000', '1513560893000', 1),
(4, 'Milliequivalent Per Liter', 'mEq/L', '1513874343000', '1513874343000', 1),
(5, 'Millimoles Per Liter', 'mmol/L', '1513874802000', '1513874802000', 1),
(6, 'Nanograms Per Milliliter', 'ng/mL', '1513874883000', '1513874883000', 1),
(7, 'Miligrams Per Deciliter', 'mg/dL', '1513875020000', '1513875020000', 1),
(8, 'Mililiter', 'mL', '1514012472000', '1514012472000', 1),
(9, 'grams Per Deciliter', 'g/dL', '1514643725000', '1514643725000', 1),
(10, 'dfgd', 'dfd', '1516305689000', '1516305689000', 1);

-- --------------------------------------------------------

--
-- Table structure for table `menus`
--

CREATE TABLE `menus` (
  `id` int(11) NOT NULL,
  `name` varchar(100) DEFAULT NULL,
  `url` varchar(100) DEFAULT NULL,
  `parent_id` varchar(45) DEFAULT NULL,
  `sequence` tinyint(4) DEFAULT '0',
  `created_at` datetime DEFAULT NULL,
  `updated_at` datetime DEFAULT NULL,
  `is_active` tinyint(4) DEFAULT '1'
) ENGINE=InnoDB DEFAULT CHARSET=latin1;

--
-- Dumping data for table `menus`
--

INSERT INTO `menus` (`id`, `name`, `url`, `parent_id`, `sequence`, `created_at`, `updated_at`, `is_active`) VALUES
(1, 'Bookings', '#', '0', 1, NULL, NULL, 1),
(2, 'View Bookings', '/Booking', '1', 1, NULL, NULL, 1),
(3, 'New Booking', '/Booking/create', '1', 2, NULL, NULL, 1),
(4, 'Profile', '/Profile', '0', 3, NULL, NULL, 1),
(5, 'Diagnostic Tests', '/DiagnosticTest', '0', 2, NULL, NULL, 1),
(6, 'View Diagnostic Tests', '/DiagnosticTest', '5', 1, NULL, NULL, 1),
(7, 'Add New', '/DiagnosticTest/MasterDiagnosticTests', '5', 2, NULL, NULL, 1),
(8, 'Master Diagnostic Tests', '/MasterDiagnosticTests', '0', 0, NULL, NULL, 1),
(9, 'Master Data', '/MasterData', '0', 1, NULL, NULL, 1);

-- --------------------------------------------------------

--
-- Table structure for table `menu_access_by_roles`
--

CREATE TABLE `menu_access_by_roles` (
  `id` int(11) NOT NULL,
  `menu_id` int(11) DEFAULT NULL,
  `role_id` int(11) DEFAULT NULL,
  `created_at` datetime DEFAULT NULL,
  `updated_at` datetime DEFAULT NULL,
  `is_active` tinyint(4) DEFAULT '1'
) ENGINE=InnoDB DEFAULT CHARSET=latin1;

--
-- Dumping data for table `menu_access_by_roles`
--

INSERT INTO `menu_access_by_roles` (`id`, `menu_id`, `role_id`, `created_at`, `updated_at`, `is_active`) VALUES
(1, 1, 2, NULL, NULL, 1),
(2, 1, 4, NULL, NULL, 1),
(3, 2, 2, NULL, NULL, 1),
(4, 2, 4, NULL, NULL, 1),
(5, 3, 2, NULL, NULL, 1),
(6, 4, 1, NULL, NULL, 1),
(7, 4, 2, NULL, NULL, 1),
(8, 4, 3, NULL, NULL, 1),
(9, 4, 4, NULL, NULL, 1),
(10, 5, 1, NULL, NULL, 1),
(11, 6, 1, NULL, NULL, 1),
(12, 7, 1, NULL, NULL, 1),
(13, 5, 3, NULL, NULL, 1),
(14, 6, 3, NULL, NULL, 1),
(15, 7, 3, NULL, NULL, 1),
(16, 5, 4, NULL, NULL, 1),
(17, 6, 4, NULL, NULL, 1),
(18, 7, 4, NULL, NULL, 1),
(19, 8, 5, NULL, NULL, 1),
(20, 9, 5, NULL, NULL, 1);

-- --------------------------------------------------------

--
-- Table structure for table `organizations`
--

CREATE TABLE `organizations` (
  `organization_id` int(11) NOT NULL,
  `name` varchar(100) NOT NULL,
  `description` varchar(1000) NOT NULL,
  `address` varchar(45) DEFAULT NULL,
  `country_id` int(11) DEFAULT NULL,
  `city_id` varchar(45) DEFAULT NULL,
  `state_id` varchar(45) DEFAULT NULL,
  `pincode` varchar(45) DEFAULT NULL,
  `latitude` varchar(45) DEFAULT NULL,
  `longitude` varchar(45) DEFAULT NULL,
  `logo` varchar(150) DEFAULT NULL,
  `phone` varchar(13) DEFAULT NULL,
  `website` varchar(45) DEFAULT NULL,
  `created_at` varchar(13) DEFAULT NULL,
  `updated_at` varchar(13) DEFAULT NULL,
  `status` int(11) DEFAULT NULL,
  `is_active` int(11) NOT NULL DEFAULT '1'
) ENGINE=InnoDB DEFAULT CHARSET=latin1;

--
-- Dumping data for table `organizations`
--

INSERT INTO `organizations` (`organization_id`, `name`, `description`, `address`, `country_id`, `city_id`, `state_id`, `pincode`, `latitude`, `longitude`, `logo`, `phone`, `website`, `created_at`, `updated_at`, `status`, `is_active`) VALUES
(1, 'Superadmin', 'Admin of All Admins', NULL, NULL, NULL, NULL, NULL, NULL, NULL, NULL, NULL, NULL, '1514014845833', '1514014845833', 7, 1),
(2, 'RB Diagnostic Center', 'We were incorporated in 2010 with a vision of redefining medical diagnosis. Today we stand as the fastest growing diagnostic center of North Kolkata because of the love and trust of the community. Our medical equipments are always the latest and the best in the industry. We participate in international medical seminars to keep up with the everchanging technology. We hope to continue living with our strong service commitment for the society. ', NULL, NULL, NULL, NULL, NULL, NULL, NULL, NULL, NULL, NULL, '1514014845833', '1514014845833', 7, 1),
(26, 'Suraksha', 'this is a org', 'some address', 1, '1', '1', '700065', NULL, NULL, NULL, NULL, NULL, '1514102031000', '1514102031000', 12, 1),
(27, 'kjhkjhkjh', 'kjhkjhkjhj', 'hkjhj', 1, '1', '1', '700065', NULL, NULL, NULL, NULL, NULL, '1514102226000', '1514102226000', 11, 1);

-- --------------------------------------------------------

--
-- Table structure for table `org_diagnostic_tests`
--

CREATE TABLE `org_diagnostic_tests` (
  `id` int(11) NOT NULL,
  `org_id` int(11) NOT NULL,
  `master_diagnostic_test_id` int(11) NOT NULL,
  `cost` int(11) NOT NULL,
  `created_at` varchar(13) NOT NULL,
  `updated_at` varchar(13) NOT NULL,
  `is_active` int(11) NOT NULL DEFAULT '1'
) ENGINE=InnoDB DEFAULT CHARSET=latin1;

--
-- Dumping data for table `org_diagnostic_tests`
--

INSERT INTO `org_diagnostic_tests` (`id`, `org_id`, `master_diagnostic_test_id`, `cost`, `created_at`, `updated_at`, `is_active`) VALUES
(1, 2, 1, 200, '1515206391504', '1515206391504', 1),
(7, 2, 2, 400, '1515241314022', '1515241314022', 1),
(8, 1, 1, 0, '1515863871000', '1515863871000', 1),
(9, 1, 1, 0, '1515863871000', '1515863871000', 1),
(10, 1, 1, 0, '1515863876000', '1515863876000', 1),
(11, 2, 2, 788, '1516306066000', '1516306066000', 1),
(12, 2, 2, 788, '1516306070000', '1516306070000', 1),
(13, 2, 2, 33, '1516306088000', '1516306088000', 1),
(14, 2, 2, 33, '1516306092000', '1516306092000', 1),
(15, 2, 2, 33, '1516306096000', '1516306096000', 1),
(16, 1, 1, 2222, '1516363776000', '1516363776000', 1),
(17, 2, 2, 34, '1516363971000', '1516363971000', 1);

-- --------------------------------------------------------

--
-- Table structure for table `permissions`
--

CREATE TABLE `permissions` (
  `permission_id` int(11) NOT NULL,
  `permission_description` varchar(50) NOT NULL,
  `restrict` varchar(45) DEFAULT NULL
) ENGINE=InnoDB DEFAULT CHARSET=latin1;

--
-- Dumping data for table `permissions`
--

INSERT INTO `permissions` (`permission_id`, `permission_description`, `restrict`) VALUES
(1, 'diagnostictest_create', ''),
(2, 'diagnostictest_read', 'org_id'),
(3, 'diagnostictest_read', NULL),
(4, 'diagnostictest_update', 'org_id'),
(5, 'diagnostictest_delete', 'org_id'),
(6, 'diagnostictest_delete', ''),
(8, 'booking_read', 'org_id'),
(9, 'booking_create', ''),
(10, 'booking_update', NULL),
(11, 'report_create', NULL),
(12, 'report_update', 'org_id'),
(13, 'bookingdetail_update', NULL),
(14, 'user_read', 'org_id'),
(15, 'user_read', NULL),
(16, 'bookingdetail_read', NULL),
(17, 'masterdiagnostictest_create', NULL),
(18, 'masterdiagnostictest_read', NULL),
(19, 'MasterDiagnosticTestReportParams_read', NULL),
(20, 'MasterDiagnosticTestReportParams_create', NULL),
(21, 'MasterDiagnosticTestCategories_read', NULL),
(22, 'MasterDiagnosticTestCategories_create', NULL),
(23, 'MeasurementUnits_read', NULL),
(24, 'MeasurementUnits_create', NULL),
(25, 'Organization_read', NULL),
(26, 'Category_read', NULL);

-- --------------------------------------------------------

--
-- Table structure for table `role`
--

CREATE TABLE `role` (
  `role_id` int(11) NOT NULL,
  `role_name` varchar(50) NOT NULL,
  `role_description` varchar(50) NOT NULL
) ENGINE=InnoDB DEFAULT CHARSET=latin1;

--
-- Dumping data for table `role`
--

INSERT INTO `role` (`role_id`, `role_name`, `role_description`) VALUES
(1, 'doctor', 'Report generation'),
(2, 'reception', 'Create, Read, Update Bookings'),
(3, 'pathologists', 'Pathologists'),
(4, 'manager', 'delegates all work to pathologists and doctors'),
(5, 'Superadmin', 'Admin of Admin(s)'),
(6, 'admin', 'Administrator of Organization');

-- --------------------------------------------------------

--
-- Table structure for table `role_permissions`
--

CREATE TABLE `role_permissions` (
  `role_permission_id` int(11) NOT NULL,
  `role_id` int(11) NOT NULL,
  `permission_id` int(11) NOT NULL
) ENGINE=InnoDB DEFAULT CHARSET=latin1;

--
-- Dumping data for table `role_permissions`
--

INSERT INTO `role_permissions` (`role_permission_id`, `role_id`, `permission_id`) VALUES
(1, 1, 2),
(2, 1, 4),
(3, 1, 8),
(4, 1, 11),
(5, 1, 12),
(6, 2, 9),
(7, 2, 10),
(8, 2, 2),
(9, 4, 14),
(10, 4, 13),
(11, 1, 16),
(12, 5, 17),
(13, 5, 18),
(14, 5, 19),
(15, 5, 20),
(16, 5, 21),
(17, 5, 22),
(18, 5, 23),
(19, 5, 24),
(20, 5, 25),
(21, 5, 26),
(22, 1, 18),
(23, 1, 1);

-- --------------------------------------------------------

--
-- Table structure for table `states`
--

CREATE TABLE `states` (
  `id` int(11) NOT NULL,
  `name` varchar(45) NOT NULL,
  `country_id` int(11) NOT NULL
) ENGINE=InnoDB DEFAULT CHARSET=latin1;

--
-- Dumping data for table `states`
--

INSERT INTO `states` (`id`, `name`, `country_id`) VALUES
(1, 'West Bengal', 1);

-- --------------------------------------------------------

--
-- Table structure for table `status`
--

CREATE TABLE `status` (
  `id` int(11) NOT NULL,
  `name` varchar(45) NOT NULL
) ENGINE=InnoDB DEFAULT CHARSET=latin1;

--
-- Dumping data for table `status`
--

INSERT INTO `status` (`id`, `name`) VALUES
(1, 'Pending'),
(2, 'Sample Collection Pending'),
(3, 'Sample Collection Completed'),
(4, 'Lab Analysis In Progress'),
(5, 'Lab Analysis Completed'),
(6, 'Approval Pending'),
(7, 'Approved'),
(8, 'Rejected'),
(9, 'Payment Pending'),
(10, 'Completed'),
(11, 'Draft'),
(12, 'Submitted');

-- --------------------------------------------------------

--
-- Table structure for table `users`
--

CREATE TABLE `users` (
  `user_id` int(11) NOT NULL,
  `firstname` varchar(100) DEFAULT NULL,
  `lastname` varchar(100) DEFAULT NULL,
  `phone` varchar(11) DEFAULT NULL,
  `email` varchar(60) DEFAULT NULL,
  `password` varchar(80) DEFAULT NULL,
  `gender` varchar(6) DEFAULT NULL,
  `address` varchar(500) DEFAULT NULL,
  `pincode` int(11) DEFAULT NULL,
  `city` varchar(45) DEFAULT NULL,
  `state` varchar(45) DEFAULT NULL,
  `created_at` datetime NOT NULL,
  `updated_at` datetime NOT NULL,
  `is_active` tinyint(4) NOT NULL DEFAULT '1',
  `is_first_login` varchar(1) NOT NULL,
  `org_id` int(11) NOT NULL,
  `salary` varchar(255) NOT NULL
) ENGINE=InnoDB DEFAULT CHARSET=latin1;

--
-- Dumping data for table `users`
--

INSERT INTO `users` (`user_id`, `firstname`, `lastname`, `phone`, `email`, `password`, `gender`, `address`, `pincode`, `city`, `state`, `created_at`, `updated_at`, `is_active`, `is_first_login`, `org_id`, `salary`) VALUES
(1, 'Siddhartha', 'Murari', '9674544035', 'sid@mail.com', '1', 'MALE', '283, Janapath, West Durganagar, North Dum Dum', 700065, 'Kolkata', 'West Bengal', '2017-10-19 23:39:00', '2017-10-19 23:39:00', 1, 'N', 2, '344'),
(2, 'Super', 'Admin', '8961112533', 'admin@mail.com', '1', 'MALE', '', 700065, 'Kolkata', 'West Bengal', '2017-10-19 23:39:00', '2017-10-19 23:39:00', 1, 'N', 1, ''),
(3, '3wew', 'sdsds', '232', 'wewe@fd.com', NULL, NULL, NULL, NULL, NULL, NULL, '0000-00-00 00:00:00', '0000-00-00 00:00:00', 1, '', 1, '212');

-- --------------------------------------------------------

--
-- Table structure for table `user_role`
--

CREATE TABLE `user_role` (
  `user_id` int(11) NOT NULL,
  `role_id` int(11) NOT NULL
) ENGINE=InnoDB DEFAULT CHARSET=latin1;

--
-- Dumping data for table `user_role`
--

INSERT INTO `user_role` (`user_id`, `role_id`) VALUES
(1, 1),
(1, 2),
(1, 4),
(1, 3),
(2, 1),
(2, 2),
(2, 3),
(2, 4),
(2, 5);

--
-- Indexes for dumped tables
--

--
-- Indexes for table `bookings`
--
ALTER TABLE `bookings`
  ADD PRIMARY KEY (`id`),
  ADD KEY `fk_bookings_1_idx` (`end_user_id`,`org_id`),
  ADD KEY `fk_bookings_2_idx` (`org_id`),
  ADD KEY `fk_bookings_3_idx` (`booking_creator_id`),
  ADD KEY `fk_bookings_4_idx` (`status`);

--
-- Indexes for table `booking_details`
--
ALTER TABLE `booking_details`
  ADD PRIMARY KEY (`id`),
  ADD KEY `fk_booking_details_1_idx` (`booking_id`),
  ADD KEY `fk_booking_details_2_idx` (`diagnostic_test_id`),
  ADD KEY `fk_booking_details_3_idx` (`status`);

--
-- Indexes for table `cities`
--
ALTER TABLE `cities`
  ADD PRIMARY KEY (`id`);

--
-- Indexes for table `countries`
--
ALTER TABLE `countries`
  ADD PRIMARY KEY (`id`);

--
-- Indexes for table `diagnostic_test_categories`
--
ALTER TABLE `diagnostic_test_categories`
  ADD PRIMARY KEY (`id`);

--
-- Indexes for table `diagnostic_test_results`
--
ALTER TABLE `diagnostic_test_results`
  ADD PRIMARY KEY (`id`),
  ADD KEY `fk_diagnostic_test_results_1_idx` (`booking_id`),
  ADD KEY `fk_diagnostic_test_results_2_idx` (`test_param_id`);

--
-- Indexes for table `end_users`
--
ALTER TABLE `end_users`
  ADD PRIMARY KEY (`id`),
  ADD UNIQUE KEY `phone_UNIQUE` (`phone`);

--
-- Indexes for table `form_input_types`
--
ALTER TABLE `form_input_types`
  ADD PRIMARY KEY (`id`);

--
-- Indexes for table `master_diagnostic_tests`
--
ALTER TABLE `master_diagnostic_tests`
  ADD PRIMARY KEY (`id`);

--
-- Indexes for table `master_diagnostic_test_params`
--
ALTER TABLE `master_diagnostic_test_params`
  ADD PRIMARY KEY (`id`),
  ADD KEY `fk_master_diagnostic_test_params_1_idx` (`master_diagnostic_test_id`),
  ADD KEY `fk_master_diagnostic_test_params_2_idx` (`measurement_unit_id`);

--
-- Indexes for table `measurement_units`
--
ALTER TABLE `measurement_units`
  ADD PRIMARY KEY (`id`);

--
-- Indexes for table `menus`
--
ALTER TABLE `menus`
  ADD PRIMARY KEY (`id`);

--
-- Indexes for table `menu_access_by_roles`
--
ALTER TABLE `menu_access_by_roles`
  ADD PRIMARY KEY (`id`);

--
-- Indexes for table `organizations`
--
ALTER TABLE `organizations`
  ADD PRIMARY KEY (`organization_id`);

--
-- Indexes for table `org_diagnostic_tests`
--
ALTER TABLE `org_diagnostic_tests`
  ADD PRIMARY KEY (`id`);

--
-- Indexes for table `permissions`
--
ALTER TABLE `permissions`
  ADD PRIMARY KEY (`permission_id`);

--
-- Indexes for table `role`
--
ALTER TABLE `role`
  ADD PRIMARY KEY (`role_id`);

--
-- Indexes for table `role_permissions`
--
ALTER TABLE `role_permissions`
  ADD PRIMARY KEY (`role_permission_id`),
  ADD KEY `role_id` (`role_id`),
  ADD KEY `permission_id` (`permission_id`);

--
-- Indexes for table `states`
--
ALTER TABLE `states`
  ADD PRIMARY KEY (`id`);

--
-- Indexes for table `status`
--
ALTER TABLE `status`
  ADD PRIMARY KEY (`id`);

--
-- Indexes for table `users`
--
ALTER TABLE `users`
  ADD PRIMARY KEY (`user_id`),
  ADD UNIQUE KEY `phone_UNIQUE` (`phone`),
  ADD UNIQUE KEY `email_UNIQUE` (`email`);

--
-- Indexes for table `user_role`
--
ALTER TABLE `user_role`
  ADD KEY `role_id` (`role_id`),
  ADD KEY `user_role_ibfk_1_idx` (`user_id`);

--
-- AUTO_INCREMENT for dumped tables
--

--
-- AUTO_INCREMENT for table `bookings`
--
ALTER TABLE `bookings`
  MODIFY `id` int(11) NOT NULL AUTO_INCREMENT, AUTO_INCREMENT=2;
--
-- AUTO_INCREMENT for table `booking_details`
--
ALTER TABLE `booking_details`
  MODIFY `id` int(11) NOT NULL AUTO_INCREMENT, AUTO_INCREMENT=2;
--
-- AUTO_INCREMENT for table `cities`
--
ALTER TABLE `cities`
  MODIFY `id` int(11) NOT NULL AUTO_INCREMENT, AUTO_INCREMENT=5;
--
-- AUTO_INCREMENT for table `countries`
--
ALTER TABLE `countries`
  MODIFY `id` int(11) NOT NULL AUTO_INCREMENT, AUTO_INCREMENT=2;
--
-- AUTO_INCREMENT for table `diagnostic_test_categories`
--
ALTER TABLE `diagnostic_test_categories`
  MODIFY `id` int(11) NOT NULL AUTO_INCREMENT, AUTO_INCREMENT=3;
--
-- AUTO_INCREMENT for table `diagnostic_test_results`
--
ALTER TABLE `diagnostic_test_results`
  MODIFY `id` int(11) NOT NULL AUTO_INCREMENT, AUTO_INCREMENT=3;
--
-- AUTO_INCREMENT for table `end_users`
--
ALTER TABLE `end_users`
  MODIFY `id` int(11) NOT NULL AUTO_INCREMENT, AUTO_INCREMENT=4;
--
-- AUTO_INCREMENT for table `form_input_types`
--
ALTER TABLE `form_input_types`
  MODIFY `id` int(11) NOT NULL AUTO_INCREMENT, AUTO_INCREMENT=6;
--
-- AUTO_INCREMENT for table `master_diagnostic_tests`
--
ALTER TABLE `master_diagnostic_tests`
  MODIFY `id` int(11) NOT NULL AUTO_INCREMENT, AUTO_INCREMENT=4;
--
-- AUTO_INCREMENT for table `master_diagnostic_test_params`
--
ALTER TABLE `master_diagnostic_test_params`
  MODIFY `id` int(11) NOT NULL AUTO_INCREMENT, AUTO_INCREMENT=7;
--
-- AUTO_INCREMENT for table `measurement_units`
--
ALTER TABLE `measurement_units`
  MODIFY `id` int(11) NOT NULL AUTO_INCREMENT, AUTO_INCREMENT=11;
--
-- AUTO_INCREMENT for table `menus`
--
ALTER TABLE `menus`
  MODIFY `id` int(11) NOT NULL AUTO_INCREMENT, AUTO_INCREMENT=10;
--
-- AUTO_INCREMENT for table `menu_access_by_roles`
--
ALTER TABLE `menu_access_by_roles`
  MODIFY `id` int(11) NOT NULL AUTO_INCREMENT, AUTO_INCREMENT=21;
--
-- AUTO_INCREMENT for table `organizations`
--
ALTER TABLE `organizations`
  MODIFY `organization_id` int(11) NOT NULL AUTO_INCREMENT, AUTO_INCREMENT=28;
--
-- AUTO_INCREMENT for table `org_diagnostic_tests`
--
ALTER TABLE `org_diagnostic_tests`
  MODIFY `id` int(11) NOT NULL AUTO_INCREMENT, AUTO_INCREMENT=18;
--
-- AUTO_INCREMENT for table `permissions`
--
ALTER TABLE `permissions`
  MODIFY `permission_id` int(11) NOT NULL AUTO_INCREMENT, AUTO_INCREMENT=27;
--
-- AUTO_INCREMENT for table `role`
--
ALTER TABLE `role`
  MODIFY `role_id` int(11) NOT NULL AUTO_INCREMENT, AUTO_INCREMENT=7;
--
-- AUTO_INCREMENT for table `role_permissions`
--
ALTER TABLE `role_permissions`
  MODIFY `role_permission_id` int(11) NOT NULL AUTO_INCREMENT, AUTO_INCREMENT=24;
--
-- AUTO_INCREMENT for table `states`
--
ALTER TABLE `states`
  MODIFY `id` int(11) NOT NULL AUTO_INCREMENT, AUTO_INCREMENT=2;
--
-- AUTO_INCREMENT for table `status`
--
ALTER TABLE `status`
  MODIFY `id` int(11) NOT NULL AUTO_INCREMENT, AUTO_INCREMENT=13;
--
-- AUTO_INCREMENT for table `users`
--
ALTER TABLE `users`
  MODIFY `user_id` int(11) NOT NULL AUTO_INCREMENT, AUTO_INCREMENT=4;
--
-- Constraints for dumped tables
--

--
-- Constraints for table `bookings`
--
ALTER TABLE `bookings`
  ADD CONSTRAINT `fk_bookings_1` FOREIGN KEY (`end_user_id`) REFERENCES `end_users` (`id`) ON DELETE NO ACTION ON UPDATE NO ACTION,
  ADD CONSTRAINT `fk_bookings_2` FOREIGN KEY (`org_id`) REFERENCES `organizations` (`organization_id`) ON DELETE NO ACTION ON UPDATE NO ACTION,
  ADD CONSTRAINT `fk_bookings_3` FOREIGN KEY (`booking_creator_id`) REFERENCES `users` (`user_id`) ON DELETE NO ACTION ON UPDATE NO ACTION,
  ADD CONSTRAINT `fk_bookings_4` FOREIGN KEY (`status`) REFERENCES `status` (`id`) ON DELETE NO ACTION ON UPDATE NO ACTION;

--
-- Constraints for table `booking_details`
--
ALTER TABLE `booking_details`
  ADD CONSTRAINT `fk_booking_details_1` FOREIGN KEY (`booking_id`) REFERENCES `bookings` (`id`) ON DELETE NO ACTION ON UPDATE NO ACTION,
  ADD CONSTRAINT `fk_booking_details_2` FOREIGN KEY (`diagnostic_test_id`) REFERENCES `org_diagnostic_tests` (`id`) ON DELETE NO ACTION ON UPDATE NO ACTION,
  ADD CONSTRAINT `fk_booking_details_3` FOREIGN KEY (`status`) REFERENCES `status` (`id`) ON DELETE NO ACTION ON UPDATE NO ACTION;

--
-- Constraints for table `diagnostic_test_results`
--
ALTER TABLE `diagnostic_test_results`
  ADD CONSTRAINT `fk_diagnostic_test_results_1` FOREIGN KEY (`booking_id`) REFERENCES `bookings` (`id`) ON DELETE NO ACTION ON UPDATE NO ACTION,
  ADD CONSTRAINT `fk_diagnostic_test_results_2` FOREIGN KEY (`test_param_id`) REFERENCES `master_diagnostic_test_params` (`id`) ON DELETE NO ACTION ON UPDATE NO ACTION;

--
-- Constraints for table `master_diagnostic_test_params`
--
ALTER TABLE `master_diagnostic_test_params`
  ADD CONSTRAINT `fk_master_diagnostic_test_params_1` FOREIGN KEY (`master_diagnostic_test_id`) REFERENCES `master_diagnostic_tests` (`id`) ON DELETE NO ACTION ON UPDATE NO ACTION,
  ADD CONSTRAINT `fk_master_diagnostic_test_params_2` FOREIGN KEY (`measurement_unit_id`) REFERENCES `measurement_units` (`id`) ON DELETE NO ACTION ON UPDATE NO ACTION;

--
-- Constraints for table `role_permissions`
--
ALTER TABLE `role_permissions`
  ADD CONSTRAINT `role_permissions_ibfk_1` FOREIGN KEY (`role_id`) REFERENCES `role` (`role_id`),
  ADD CONSTRAINT `role_permissions_ibfk_2` FOREIGN KEY (`permission_id`) REFERENCES `permissions` (`permission_id`);

--
-- Constraints for table `user_role`
--
ALTER TABLE `user_role`
  ADD CONSTRAINT `user_role_ibfk_1` FOREIGN KEY (`user_id`) REFERENCES `users` (`user_id`),
  ADD CONSTRAINT `user_role_ibfk_2` FOREIGN KEY (`role_id`) REFERENCES `role` (`role_id`);

/*!40101 SET CHARACTER_SET_CLIENT=@OLD_CHARACTER_SET_CLIENT */;
/*!40101 SET CHARACTER_SET_RESULTS=@OLD_CHARACTER_SET_RESULTS */;
/*!40101 SET COLLATION_CONNECTION=@OLD_COLLATION_CONNECTION */;
